-- phpMyAdmin SQL Dump
-- version 4.7.4
-- https://www.phpmyadmin.net/
--
-- Host: 127.0.0.1
-- Generation Time: Mar 28, 2019 at 07:15 PM
-- Server version: 10.1.30-MariaDB
-- PHP Version: 5.6.33

SET SQL_MODE = "NO_AUTO_VALUE_ON_ZERO";
SET AUTOCOMMIT = 0;
START TRANSACTION;
SET time_zone = "+00:00";


/*!40101 SET @OLD_CHARACTER_SET_CLIENT=@@CHARACTER_SET_CLIENT */;
/*!40101 SET @OLD_CHARACTER_SET_RESULTS=@@CHARACTER_SET_RESULTS */;
/*!40101 SET @OLD_COLLATION_CONNECTION=@@COLLATION_CONNECTION */;
/*!40101 SET NAMES utf8mb4 */;

--
-- Database: `dbms_online`
--

-- --------------------------------------------------------

--
-- Table structure for table `admin`
--

CREATE TABLE `admin` (
  `name` varchar(20) COLLATE latin1_general_ci NOT NULL,
  `pass` varchar(40) COLLATE latin1_general_ci NOT NULL
) ENGINE=InnoDB DEFAULT CHARSET=latin1 COLLATE=latin1_general_ci;

--
-- Dumping data for table `admin`
--

INSERT INTO `admin` (`name`, `pass`) VALUES
('admin', 'd033e22ae348aeb5660fc2140aec35850c4da997');

-- --------------------------------------------------------

--
-- Table structure for table `books`
--

CREATE TABLE `books` (
  `book_id` varchar(20) COLLATE latin1_general_ci NOT NULL,
  `book_isbn` varchar(20) COLLATE latin1_general_ci NOT NULL,
  `book_title` varchar(60) COLLATE latin1_general_ci DEFAULT NULL,
  `original_title` varchar(60) COLLATE latin1_general_ci NOT NULL,
  `book_author` varchar(60) COLLATE latin1_general_ci DEFAULT NULL,
  `book_image` varchar(500) COLLATE latin1_general_ci DEFAULT NULL,
  `book_descr` text COLLATE latin1_general_ci,
  `book_price` decimal(6,2) NOT NULL,
  `publisherid` int(10) UNSIGNED NOT NULL DEFAULT '2',
  `genre` varchar(32) COLLATE latin1_general_ci NOT NULL
) ENGINE=InnoDB DEFAULT CHARSET=latin1 COLLATE=latin1_general_ci;

--
-- Dumping data for table `books`
--

INSERT INTO `books` (`book_id`, `book_isbn`, `book_title`, `original_title`, `book_author`, `book_image`, `book_descr`, `book_price`, `publisherid`, `genre`) VALUES
('10664113', '', 'A Dance with Dragons (A Song of Ice and Fire, #5)', 'A Dance with Dragons', 'George R.R. Martin', 'https://images.gr-assets.com/books/1327885335m/10664113.jpg', 'Lorem ipsum dolor sit amet, consectetur adipiscing elit, sed do eiusmod tempor incididunt ut labore et dolore magna aliqua. Ut enim ad minim veniam, quis nostrud exercitation ullamco laboris nisi ut aliquip ex ea commodo consequat. Duis aute irure dolor in reprehenderit in voluptate velit esse cillum dolore eu fugiat nulla pariatur. Excepteur sint occaecat cupidatat non proident, sunt in culpa qui officia deserunt mollit anim id est laborum.', '115.00', 7, 'thriller'),
('231804', '014038572X', 'The Outsiders', 'The Outsiders', 'S.E. Hinton', 'https://images.gr-assets.com/books/1442129426m/231804.jpg', 'Lorem ipsum dolor sit amet, consectetur adipiscing elit, sed do eiusmod tempor incididunt ut labore et dolore magna aliqua. Ut enim ad minim veniam, quis nostrud exercitation ullamco laboris nisi ut aliquip ex ea commodo consequat. Duis aute irure dolor in reprehenderit in voluptate velit esse cillum dolore eu fugiat nulla pariatur. Excepteur sint occaecat cupidatat non proident, sunt in culpa qui officia deserunt mollit anim id est laborum.', '156.00', 0, 'detective'),
('6442769', '014241493X', 'Paper Towns', 'Paper Towns', 'John Green', 'https://images.gr-assets.com/books/1349013610m/6442769.jpg', 'Lorem ipsum dolor sit amet, consectetur adipiscing elit, sed do eiusmod tempor incididunt ut labore et dolore magna aliqua. Ut enim ad minim veniam, quis nostrud exercitation ullamco laboris nisi ut aliquip ex ea commodo consequat. Duis aute irure dolor in reprehenderit in voluptate velit esse cillum dolore eu fugiat nulla pariatur. Excepteur sint occaecat cupidatat non proident, sunt in culpa qui officia deserunt mollit anim id est laborum.', '178.00', 0, 'fantasy'),
('6892870', '030726999X', 'The Girl Who Kicked the Hornet\'s Nest (Millennium, #3)', 'Luftslottet som sprängdes', 'Stieg Larsson, Reg Keeland', 'https://images.gr-assets.com/books/1327708260m/6892870.jpg', 'Lorem ipsum dolor sit amet, consectetur adipiscing elit, sed do eiusmod tempor incididunt ut labore et dolore magna aliqua. Ut enim ad minim veniam, quis nostrud exercitation ullamco laboris nisi ut aliquip ex ea commodo consequat. Duis aute irure dolor in reprehenderit in voluptate velit esse cillum dolore eu fugiat nulla pariatur. Excepteur sint occaecat cupidatat non proident, sunt in culpa qui officia deserunt mollit anim id est laborum.', '193.00', 0, 'fantasy'),
('7677', '030734813X', 'Jurassic Park (Jurassic Park, #1)', 'Jurassic Park', 'Michael Crichton', 'https://s.gr-assets.com/assets/nophoto/book/111x148-bcc042a9c91a29c1d680899eff700a03.png', 'Lorem ipsum dolor sit amet, consectetur adipiscing elit, sed do eiusmod tempor incididunt ut labore et dolore magna aliqua. Ut enim ad minim veniam, quis nostrud exercitation ullamco laboris nisi ut aliquip ex ea commodo consequat. Duis aute irure dolor in reprehenderit in voluptate velit esse cillum dolore eu fugiat nulla pariatur. Excepteur sint occaecat cupidatat non proident, sunt in culpa qui officia deserunt mollit anim id est laborum.', '176.00', 0, ''),
('42156', '031232118X', 'Something Borrowed (Darcy & Rachel, #1)', 'Something Borrowed', 'Emily Giffin', 'https://images.gr-assets.com/books/1305063535m/42156.jpg', 'Lorem ipsum dolor sit amet, consectetur adipiscing elit, sed do eiusmod tempor incididunt ut labore et dolore magna aliqua. Ut enim ad minim veniam, quis nostrud exercitation ullamco laboris nisi ut aliquip ex ea commodo consequat. Duis aute irure dolor in reprehenderit in voluptate velit esse cillum dolore eu fugiat nulla pariatur. Excepteur sint occaecat cupidatat non proident, sunt in culpa qui officia deserunt mollit anim id est laborum.', '65.00', 1, 'mysterywestern'),
('1162543', '031606792X', 'Breaking Dawn (Twilight, #4)', 'Breaking Dawn', 'Stephenie Meyer', 'https://images.gr-assets.com/books/1361039438m/1162543.jpg', 'Lorem ipsum dolor sit amet, consectetur adipiscing elit, sed do eiusmod tempor incididunt ut labore et dolore magna aliqua. Ut enim ad minim veniam, quis nostrud exercitation ullamco laboris nisi ut aliquip ex ea commodo consequat. Duis aute irure dolor in reprehenderit in voluptate velit esse cillum dolore eu fugiat nulla pariatur. Excepteur sint occaecat cupidatat non proident, sunt in culpa qui officia deserunt mollit anim id est laborum.', '183.00', 1, 'romance'),
('38447', '038549081X', 'The Handmaid\'s Tale', 'The Handmaid\'s Tale', 'Margaret Atwood', 'https://images.gr-assets.com/books/1498057733m/38447.jpg', 'Lorem ipsum dolor sit amet, consectetur adipiscing elit, sed do eiusmod tempor incididunt ut labore et dolore magna aliqua. Ut enim ad minim veniam, quis nostrud exercitation ullamco laboris nisi ut aliquip ex ea commodo consequat. Duis aute irure dolor in reprehenderit in voluptate velit esse cillum dolore eu fugiat nulla pariatur. Excepteur sint occaecat cupidatat non proident, sunt in culpa qui officia deserunt mollit anim id est laborum.', '236.00', 6, 'thriller'),
('5', '043965548X', 'Harry Potter and the Prisoner of Azkaban (Harry Potter, #3)', 'Harry Potter and the Prisoner of Azkaban', 'J.K. Rowling, Mary GrandPré, Rufus Beck', 'https://images.gr-assets.com/books/1499277281m/5.jpg', 'Lorem ipsum dolor sit amet, consectetur adipiscing elit, sed do eiusmod tempor incididunt ut labore et dolore magna aliqua. Ut enim ad minim veniam, quis nostrud exercitation ullamco laboris nisi ut aliquip ex ea commodo consequat. Duis aute irure dolor in reprehenderit in voluptate velit esse cillum dolore eu fugiat nulla pariatur. Excepteur sint occaecat cupidatat non proident, sunt in culpa qui officia deserunt mollit anim id est laborum.', '376.00', 0, 'mysterywestern'),
('62291', '055357342X', 'A Storm of Swords (A Song of Ice and Fire, #3)', 'A Storm of Swords', 'George R.R. Martin', 'https://images.gr-assets.com/books/1497931121m/62291.jpg', 'Lorem ipsum dolor sit amet, consectetur adipiscing elit, sed do eiusmod tempor incididunt ut labore et dolore magna aliqua. Ut enim ad minim veniam, quis nostrud exercitation ullamco laboris nisi ut aliquip ex ea commodo consequat. Duis aute irure dolor in reprehenderit in voluptate velit esse cillum dolore eu fugiat nulla pariatur. Excepteur sint occaecat cupidatat non proident, sunt in culpa qui officia deserunt mollit anim id est laborum.', '175.00', 6, ''),
('13497', '055358202X', 'A Feast for Crows (A Song of Ice and Fire, #4)', 'A Feast for Crows', 'George R.R. Martin', 'https://images.gr-assets.com/books/1429538615m/13497.jpg', 'Lorem ipsum dolor sit amet, consectetur adipiscing elit, sed do eiusmod tempor incididunt ut labore et dolore magna aliqua. Ut enim ad minim veniam, quis nostrud exercitation ullamco laboris nisi ut aliquip ex ea commodo consequat. Duis aute irure dolor in reprehenderit in voluptate velit esse cillum dolore eu fugiat nulla pariatur. Excepteur sint occaecat cupidatat non proident, sunt in culpa qui officia deserunt mollit anim id est laborum.', '176.00', 23, 'thriller'),
('7445', '074324754X', 'The Glass Castle', 'The Glass Castle', 'Jeannette Walls', 'https://images.gr-assets.com/books/1400930557m/7445.jpg', 'Lorem ipsum dolor sit amet, consectetur adipiscing elit, sed do eiusmod tempor incididunt ut labore et dolore magna aliqua. Ut enim ad minim veniam, quis nostrud exercitation ullamco laboris nisi ut aliquip ex ea commodo consequat. Duis aute irure dolor in reprehenderit in voluptate velit esse cillum dolore eu fugiat nulla pariatur. Excepteur sint occaecat cupidatat non proident, sunt in culpa qui officia deserunt mollit anim id est laborum.', '92.00', 4, 'detective'),
('186074', '075640407X', 'The Name of the Wind (The Kingkiller Chronicle, #1)', 'The Name of the Wind', 'Patrick Rothfuss', 'https://images.gr-assets.com/books/1472068073m/186074.jpg', 'Lorem ipsum dolor sit amet, consectetur adipiscing elit, sed do eiusmod tempor incididunt ut labore et dolore magna aliqua. Ut enim ad minim veniam, quis nostrud exercitation ullamco laboris nisi ut aliquip ex ea commodo consequat. Duis aute irure dolor in reprehenderit in voluptate velit esse cillum dolore eu fugiat nulla pariatur. Excepteur sint occaecat cupidatat non proident, sunt in culpa qui officia deserunt mollit anim id est laborum.', '123.00', 4, 'thriller'),
('15745753', '1250012570', 'Eleanor & Park', 'Eleanor & Park', 'Rainbow Rowell', 'https://images.gr-assets.com/books/1341952742m/15745753.jpg', 'Lorem ipsum dolor sit amet, consectetur adipiscing elit, sed do eiusmod tempor incididunt ut labore et dolore magna aliqua. Ut enim ad minim veniam, quis nostrud exercitation ullamco laboris nisi ut aliquip ex ea commodo consequat. Duis aute irure dolor in reprehenderit in voluptate velit esse cillum dolore eu fugiat nulla pariatur. Excepteur sint occaecat cupidatat non proident, sunt in culpa qui officia deserunt mollit anim id est laborum.', '103.00', 6, 'mysterywestern'),
('1618', '1400032717', 'The Curious Incident of the Dog in the Night-Time', 'The Curious Incident of the Dog in the Night-Time', 'Mark Haddon', 'https://images.gr-assets.com/books/1479863624m/1618.jpg', 'Lorem ipsum dolor sit amet, consectetur adipiscing elit, sed do eiusmod tempor incididunt ut labore et dolore magna aliqua. Ut enim ad minim veniam, quis nostrud exercitation ullamco laboris nisi ut aliquip ex ea commodo consequat. Duis aute irure dolor in reprehenderit in voluptate velit esse cillum dolore eu fugiat nulla pariatur. Excepteur sint occaecat cupidatat non proident, sunt in culpa qui officia deserunt mollit anim id est laborum.', '183.00', 7, 'romance'),
('8664353', '1400064163', 'Unbroken: A World War II Story of Survival, Resilience, and ', 'Unbroken: A World War II Story of Survival, Resilience, and ', 'Laura Hillenbrand', 'https://images.gr-assets.com/books/1327861115m/8664353.jpg', 'Lorem ipsum dolor sit amet, consectetur adipiscing elit, sed do eiusmod tempor incididunt ut labore et dolore magna aliqua. Ut enim ad minim veniam, quis nostrud exercitation ullamco laboris nisi ut aliquip ex ea commodo consequat. Duis aute irure dolor in reprehenderit in voluptate velit esse cillum dolore eu fugiat nulla pariatur. Excepteur sint occaecat cupidatat non proident, sunt in culpa qui officia deserunt mollit anim id est laborum.', '16.00', 5, 'romance'),
('3431', '1401308589', 'The Five People You Meet in Heaven', 'The Five People You Meet in Heaven', 'Mitch Albom', 'https://s.gr-assets.com/assets/nophoto/book/111x148-bcc042a9c91a29c1d680899eff700a03.png', 'Lorem ipsum dolor sit amet, consectetur adipiscing elit, sed do eiusmod tempor incididunt ut labore et dolore magna aliqua. Ut enim ad minim veniam, quis nostrud exercitation ullamco laboris nisi ut aliquip ex ea commodo consequat. Duis aute irure dolor in reprehenderit in voluptate velit esse cillum dolore eu fugiat nulla pariatur. Excepteur sint occaecat cupidatat non proident, sunt in culpa qui officia deserunt mollit anim id est laborum.', '123.00', 7, 'mysterywestern'),
('7624', '140283331', 'Lord of the Flies', 'Lord of the Flies ', 'William Golding', 'https://images.gr-assets.com/books/1327869409m/7624.jpg', 'Lorem ipsum dolor sit amet, consectetur adipiscing elit, sed do eiusmod tempor incididunt ut labore et dolore magna aliqua. Ut enim ad minim veniam, quis nostrud exercitation ullamco laboris nisi ut aliquip ex ea commodo consequat. Duis aute irure dolor in reprehenderit in voluptate velit esse cillum dolore eu fugiat nulla pariatur. Excepteur sint occaecat cupidatat non proident, sunt in culpa qui officia deserunt mollit anim id est laborum.', '458.00', 7, 'mysterywestern'),
('7126', '140449264', 'The Count of Monte Cristo', 'Le Comte de Monte-Cristo', 'Alexandre Dumas, Robin Buss', 'https://images.gr-assets.com/books/1309203605m/7126.jpg', 'Lorem ipsum dolor sit amet, consectetur adipiscing elit, sed do eiusmod tempor incididunt ut labore et dolore magna aliqua. Ut enim ad minim veniam, quis nostrud exercitation ullamco laboris nisi ut aliquip ex ea commodo consequat. Duis aute irure dolor in reprehenderit in voluptate velit esse cillum dolore eu fugiat nulla pariatur. Excepteur sint occaecat cupidatat non proident, sunt in culpa qui officia deserunt mollit anim id est laborum.', '1310.00', 5, 'thriller'),
('39988', '141301066', 'Matilda', 'Matilda', 'Roald Dahl, Quentin Blake', 'https://s.gr-assets.com/assets/nophoto/book/111x148-bcc042a9c91a29c1d680899eff700a03.png', 'Lorem ipsum dolor sit amet, consectetur adipiscing elit, sed do eiusmod tempor incididunt ut labore et dolore magna aliqua. Ut enim ad minim veniam, quis nostrud exercitation ullamco laboris nisi ut aliquip ex ea commodo consequat. Duis aute irure dolor in reprehenderit in voluptate velit esse cillum dolore eu fugiat nulla pariatur. Excepteur sint occaecat cupidatat non proident, sunt in culpa qui officia deserunt mollit anim id est laborum.', '242.00', 4, 'romance'),
('18490', '141439475', 'Frankenstein', 'Frankenstein; or, The Modern Prometheus', 'Mary Wollstonecraft Shelley, Percy Bysshe Shelley, Maurice H', 'https://images.gr-assets.com/books/1381512375m/18490.jpg', 'Lorem ipsum dolor sit amet, consectetur adipiscing elit, sed do eiusmod tempor incididunt ut labore et dolore magna aliqua. Ut enim ad minim veniam, quis nostrud exercitation ullamco laboris nisi ut aliquip ex ea commodo consequat. Duis aute irure dolor in reprehenderit in voluptate velit esse cillum dolore eu fugiat nulla pariatur. Excepteur sint occaecat cupidatat non proident, sunt in culpa qui officia deserunt mollit anim id est laborum.', '2618.00', 0, 'fantasy'),
('6969', '141439580', 'Emma', 'Emma', 'Jane Austen, Fiona Stafford', 'https://images.gr-assets.com/books/1373627931m/6969.jpg', 'Lorem ipsum dolor sit amet, consectetur adipiscing elit, sed do eiusmod tempor incididunt ut labore et dolore magna aliqua. Ut enim ad minim veniam, quis nostrud exercitation ullamco laboris nisi ut aliquip ex ea commodo consequat. Duis aute irure dolor in reprehenderit in voluptate velit esse cillum dolore eu fugiat nulla pariatur. Excepteur sint occaecat cupidatat non proident, sunt in culpa qui officia deserunt mollit anim id est laborum.', '1710.00', 5, 'fantasy'),
('1953', '141439602', 'A Tale of Two Cities', 'A Tale of Two Cities', 'Charles Dickens, Richard Maxwell, Hablot Knight Browne', 'https://images.gr-assets.com/books/1344922523m/1953.jpg', 'Lorem ipsum dolor sit amet, consectetur adipiscing elit, sed do eiusmod tempor incididunt ut labore et dolore magna aliqua. Ut enim ad minim veniam, quis nostrud exercitation ullamco laboris nisi ut aliquip ex ea commodo consequat. Duis aute irure dolor in reprehenderit in voluptate velit esse cillum dolore eu fugiat nulla pariatur. Excepteur sint occaecat cupidatat non proident, sunt in culpa qui officia deserunt mollit anim id est laborum.', '525.00', 1, 'fantasy'),
('14935', '141439661', 'Sense and Sensibility', 'Sense and Sensibility', 'Jane Austen, Tony Tanner, Ros Ballaster', 'https://images.gr-assets.com/books/1397245675m/14935.jpg', 'Lorem ipsum dolor sit amet, consectetur adipiscing elit, sed do eiusmod tempor incididunt ut labore et dolore magna aliqua. Ut enim ad minim veniam, quis nostrud exercitation ullamco laboris nisi ut aliquip ex ea commodo consequat. Duis aute irure dolor in reprehenderit in voluptate velit esse cillum dolore eu fugiat nulla pariatur. Excepteur sint occaecat cupidatat non proident, sunt in culpa qui officia deserunt mollit anim id est laborum.', '1969.00', 4, 'fantasy'),
('960', '1416524797', 'Angels & Demons  (Robert Langdon, #1)', 'Angels & Demons ', 'Dan Brown', 'https://images.gr-assets.com/books/1303390735m/960.jpg', 'Lorem ipsum dolor sit amet, consectetur adipiscing elit, sed do eiusmod tempor incididunt ut labore et dolore magna aliqua. Ut enim ad minim veniam, quis nostrud exercitation ullamco laboris nisi ut aliquip ex ea commodo consequat. Duis aute irure dolor in reprehenderit in voluptate velit esse cillum dolore eu fugiat nulla pariatur. Excepteur sint occaecat cupidatat non proident, sunt in culpa qui officia deserunt mollit anim id est laborum.', '311.00', 1, 'thriller'),
('256683', '1416914285', 'City of Bones (The Mortal Instruments, #1)', 'City of Bones', 'Cassandra Clare', 'https://images.gr-assets.com/books/1432730315m/256683.jpg', 'Lorem ipsum dolor sit amet, consectetur adipiscing elit, sed do eiusmod tempor incididunt ut labore et dolore magna aliqua. Ut enim ad minim veniam, quis nostrud exercitation ullamco laboris nisi ut aliquip ex ea commodo consequat. Duis aute irure dolor in reprehenderit in voluptate velit esse cillum dolore eu fugiat nulla pariatur. Excepteur sint occaecat cupidatat non proident, sunt in culpa qui officia deserunt mollit anim id est laborum.', '178.00', 1, 'mysterywestern'),
('1582996', '1416914293', 'City of Ashes (The Mortal Instruments, #2)', 'City of Ashes', 'Cassandra Clare', 'https://images.gr-assets.com/books/1432730356m/1582996.jpg', 'Lorem ipsum dolor sit amet, consectetur adipiscing elit, sed do eiusmod tempor incididunt ut labore et dolore magna aliqua. Ut enim ad minim veniam, quis nostrud exercitation ullamco laboris nisi ut aliquip ex ea commodo consequat. Duis aute irure dolor in reprehenderit in voluptate velit esse cillum dolore eu fugiat nulla pariatur. Excepteur sint occaecat cupidatat non proident, sunt in culpa qui officia deserunt mollit anim id est laborum.', '125.00', 1, 'romance'),
('3777732', '1416914307', 'City of Glass (The Mortal Instruments, #3)', 'City of Glass', 'Cassandra Clare', 'https://images.gr-assets.com/books/1369452339m/3777732.jpg', 'Lorem ipsum dolor sit amet, consectetur adipiscing elit, sed do eiusmod tempor incididunt ut labore et dolore magna aliqua. Ut enim ad minim veniam, quis nostrud exercitation ullamco laboris nisi ut aliquip ex ea commodo consequat. Duis aute irure dolor in reprehenderit in voluptate velit esse cillum dolore eu fugiat nulla pariatur. Excepteur sint occaecat cupidatat non proident, sunt in culpa qui officia deserunt mollit anim id est laborum.', '122.00', 4, 'thriller'),
('7171637', '1416975861', 'Clockwork Angel (The Infernal Devices, #1)', 'Clockwork Angel', 'Cassandra Clare', 'https://images.gr-assets.com/books/1454962884m/7171637.jpg', 'Lorem ipsum dolor sit amet, consectetur adipiscing elit, sed do eiusmod tempor incididunt ut labore et dolore magna aliqua. Ut enim ad minim veniam, quis nostrud exercitation ullamco laboris nisi ut aliquip ex ea commodo consequat. Duis aute irure dolor in reprehenderit in voluptate velit esse cillum dolore eu fugiat nulla pariatur. Excepteur sint occaecat cupidatat non proident, sunt in culpa qui officia deserunt mollit anim id est laborum.', '103.00', 23, 'thriller'),
('4395', '142000663', 'The Grapes of Wrath', 'The Grapes of Wrath', 'John Steinbeck', 'https://images.gr-assets.com/books/1352912927m/4395.jpg', 'Lorem ipsum dolor sit amet, consectetur adipiscing elit, sed do eiusmod tempor incididunt ut labore et dolore magna aliqua. Ut enim ad minim veniam, quis nostrud exercitation ullamco laboris nisi ut aliquip ex ea commodo consequat. Duis aute irure dolor in reprehenderit in voluptate velit esse cillum dolore eu fugiat nulla pariatur. Excepteur sint occaecat cupidatat non proident, sunt in culpa qui officia deserunt mollit anim id est laborum.', '381.00', 0, 'detective'),
('890', '142000671', 'Of Mice and Men', 'Of Mice and Men ', 'John Steinbeck', 'https://images.gr-assets.com/books/1437235233m/890.jpg', 'Lorem ipsum dolor sit amet, consectetur adipiscing elit, sed do eiusmod tempor incididunt ut labore et dolore magna aliqua. Ut enim ad minim veniam, quis nostrud exercitation ullamco laboris nisi ut aliquip ex ea commodo consequat. Duis aute irure dolor in reprehenderit in voluptate velit esse cillum dolore eu fugiat nulla pariatur. Excepteur sint occaecat cupidatat non proident, sunt in culpa qui officia deserunt mollit anim id est laborum.', '373.00', 4, 'thriller'),
('37435', '142001740', 'The Secret Life of Bees', 'The Secret Life of Bees', 'Sue Monk Kidd', 'https://images.gr-assets.com/books/1473454532m/37435.jpg', 'Lorem ipsum dolor sit amet, consectetur adipiscing elit, sed do eiusmod tempor incididunt ut labore et dolore magna aliqua. Ut enim ad minim veniam, quis nostrud exercitation ullamco laboris nisi ut aliquip ex ea commodo consequat. Duis aute irure dolor in reprehenderit in voluptate velit esse cillum dolore eu fugiat nulla pariatur. Excepteur sint occaecat cupidatat non proident, sunt in culpa qui officia deserunt mollit anim id est laborum.', '125.00', 23, ''),
('2120932', '1423101464', 'The Battle of the Labyrinth (Percy Jackson and the Olympians', 'The Battle of the Labyrinth', 'Rick Riordan', 'https://images.gr-assets.com/books/1443142158m/2120932.jpg', 'Lorem ipsum dolor sit amet, consectetur adipiscing elit, sed do eiusmod tempor incididunt ut labore et dolore magna aliqua. Ut enim ad minim veniam, quis nostrud exercitation ullamco laboris nisi ut aliquip ex ea commodo consequat. Duis aute irure dolor in reprehenderit in voluptate velit esse cillum dolore eu fugiat nulla pariatur. Excepteur sint occaecat cupidatat non proident, sunt in culpa qui officia deserunt mollit anim id est laborum.', '92.00', 5, 'romance'),
('7736182', '142311339X', 'The Lost Hero (The Heroes of Olympus, #1)', 'The Lost Hero', 'Rick Riordan', 'https://images.gr-assets.com/books/1464201003m/7736182.jpg', 'Lorem ipsum dolor sit amet, consectetur adipiscing elit, sed do eiusmod tempor incididunt ut labore et dolore magna aliqua. Ut enim ad minim veniam, quis nostrud exercitation ullamco laboris nisi ut aliquip ex ea commodo consequat. Duis aute irure dolor in reprehenderit in voluptate velit esse cillum dolore eu fugiat nulla pariatur. Excepteur sint occaecat cupidatat non proident, sunt in culpa qui officia deserunt mollit anim id est laborum.', '72.00', 23, 'mysterywestern'),
('99561', '142402516', 'Looking for Alaska', 'Looking for Alaska', 'John Green', 'https://images.gr-assets.com/books/1394798630m/99561.jpg', 'Lorem ipsum dolor sit amet, consectetur adipiscing elit, sed do eiusmod tempor incididunt ut labore et dolore magna aliqua. Ut enim ad minim veniam, quis nostrud exercitation ullamco laboris nisi ut aliquip ex ea commodo consequat. Duis aute irure dolor in reprehenderit in voluptate velit esse cillum dolore eu fugiat nulla pariatur. Excepteur sint occaecat cupidatat non proident, sunt in culpa qui officia deserunt mollit anim id est laborum.', '187.00', 5, 'fantasy'),
('6310', '142403881', 'Charlie and the Chocolate Factory (Charlie Bucket, #1)', 'Charlie and the Chocolate Factory', 'Roald Dahl, Quentin Blake', 'https://images.gr-assets.com/books/1309211401m/6310.jpg', 'Lorem ipsum dolor sit amet, consectetur adipiscing elit, sed do eiusmod tempor incididunt ut labore et dolore magna aliqua. Ut enim ad minim veniam, quis nostrud exercitation ullamco laboris nisi ut aliquip ex ea commodo consequat. Duis aute irure dolor in reprehenderit in voluptate velit esse cillum dolore eu fugiat nulla pariatur. Excepteur sint occaecat cupidatat non proident, sunt in culpa qui officia deserunt mollit anim id est laborum.', '338.00', 6, 'romance'),
('2956', '142437174', 'The Adventures of Huckleberry Finn', 'The Adventures of Huckleberry Finn', 'Mark Twain, John Seelye, Guy Cardwell', 'https://images.gr-assets.com/books/1405973850m/2956.jpg', 'Lorem ipsum dolor sit amet, consectetur adipiscing elit, sed do eiusmod tempor incididunt ut labore et dolore magna aliqua. Ut enim ad minim veniam, quis nostrud exercitation ullamco laboris nisi ut aliquip ex ea commodo consequat. Duis aute irure dolor in reprehenderit in voluptate velit esse cillum dolore eu fugiat nulla pariatur. Excepteur sint occaecat cupidatat non proident, sunt in culpa qui officia deserunt mollit anim id est laborum.', '2277.00', 6, 'detective'),
('10210', '142437204', 'Jane Eyre', 'Jane Eyre', 'Charlotte Brontë, Michael Mason', 'https://images.gr-assets.com/books/1327867269m/10210.jpg', 'Lorem ipsum dolor sit amet, consectetur adipiscing elit, sed do eiusmod tempor incididunt ut labore et dolore magna aliqua. Ut enim ad minim veniam, quis nostrud exercitation ullamco laboris nisi ut aliquip ex ea commodo consequat. Duis aute irure dolor in reprehenderit in voluptate velit esse cillum dolore eu fugiat nulla pariatur. Excepteur sint occaecat cupidatat non proident, sunt in culpa qui officia deserunt mollit anim id est laborum.', '2568.00', 23, 'detective'),
('153747', '142437247', 'Moby-Dick or, The Whale', 'Moby Dick; or, The Whale', 'Herman Melville, Andrew Delbanco, Tom Quirk', 'https://images.gr-assets.com/books/1327940656m/153747.jpg', 'Lorem ipsum dolor sit amet, consectetur adipiscing elit, sed do eiusmod tempor incididunt ut labore et dolore magna aliqua. Ut enim ad minim veniam, quis nostrud exercitation ullamco laboris nisi ut aliquip ex ea commodo consequat. Duis aute irure dolor in reprehenderit in voluptate velit esse cillum dolore eu fugiat nulla pariatur. Excepteur sint occaecat cupidatat non proident, sunt in culpa qui officia deserunt mollit anim id est laborum.', '1823.00', 4, ''),
('12296', '142437263', 'The Scarlet Letter', 'The Scarlet Letter', 'Nathaniel Hawthorne, Thomas E. Connolly, Nina Baym', 'https://images.gr-assets.com/books/1404810944m/12296.jpg', 'Lorem ipsum dolor sit amet, consectetur adipiscing elit, sed do eiusmod tempor incididunt ut labore et dolore magna aliqua. Ut enim ad minim veniam, quis nostrud exercitation ullamco laboris nisi ut aliquip ex ea commodo consequat. Duis aute irure dolor in reprehenderit in voluptate velit esse cillum dolore eu fugiat nulla pariatur. Excepteur sint occaecat cupidatat non proident, sunt in culpa qui officia deserunt mollit anim id est laborum.', '1579.00', 7, 'detective'),
('10441', '143037145', 'The Memory Keeper\'s Daughter', 'The Memory Keeper\'s Daughter', 'Kim Edwards', 'https://s.gr-assets.com/assets/nophoto/book/111x148-bcc042a9c91a29c1d680899eff700a03.png', 'Lorem ipsum dolor sit amet, consectetur adipiscing elit, sed do eiusmod tempor incididunt ut labore et dolore magna aliqua. Ut enim ad minim veniam, quis nostrud exercitation ullamco laboris nisi ut aliquip ex ea commodo consequat. Duis aute irure dolor in reprehenderit in voluptate velit esse cillum dolore eu fugiat nulla pariatur. Excepteur sint occaecat cupidatat non proident, sunt in culpa qui officia deserunt mollit anim id est laborum.', '98.00', 23, 'mysterywestern'),
('7763', '143038095', 'The Joy Luck Club', 'The Joy Luck Club', 'Amy Tan', 'https://images.gr-assets.com/books/1304978653m/7763.jpg', 'Lorem ipsum dolor sit amet, consectetur adipiscing elit, sed do eiusmod tempor incididunt ut labore et dolore magna aliqua. Ut enim ad minim veniam, quis nostrud exercitation ullamco laboris nisi ut aliquip ex ea commodo consequat. Duis aute irure dolor in reprehenderit in voluptate velit esse cillum dolore eu fugiat nulla pariatur. Excepteur sint occaecat cupidatat non proident, sunt in culpa qui officia deserunt mollit anim id est laborum.', '126.00', 0, 'thriller'),
('19501', '143038419', 'Eat, Pray, Love', 'Eat, pray, love: one woman\'s search for everything across It', 'Elizabeth Gilbert', 'https://images.gr-assets.com/books/1503066414m/19501.jpg', 'Lorem ipsum dolor sit amet, consectetur adipiscing elit, sed do eiusmod tempor incididunt ut labore et dolore magna aliqua. Ut enim ad minim veniam, quis nostrud exercitation ullamco laboris nisi ut aliquip ex ea commodo consequat. Duis aute irure dolor in reprehenderit in voluptate velit esse cillum dolore eu fugiat nulla pariatur. Excepteur sint occaecat cupidatat non proident, sunt in culpa qui officia deserunt mollit anim id est laborum.', '185.00', 7, 'mysterywestern'),
('24583', '143039563', 'The Adventures of Tom Sawyer', 'The Adventures of Tom Sawyer', 'Mark Twain, Guy Cardwell, John Seelye', 'https://images.gr-assets.com/books/1404811979m/24583.jpg', 'Lorem ipsum dolor sit amet, consectetur adipiscing elit, sed do eiusmod tempor incididunt ut labore et dolore magna aliqua. Ut enim ad minim veniam, quis nostrud exercitation ullamco laboris nisi ut aliquip ex ea commodo consequat. Duis aute irure dolor in reprehenderit in voluptate velit esse cillum dolore eu fugiat nulla pariatur. Excepteur sint occaecat cupidatat non proident, sunt in culpa qui officia deserunt mollit anim id est laborum.', '2448.00', 0, 'thriller'),
('1381', '143039954', 'The Odyssey', '????????????', 'Homer, Robert Fagles, E.V. Rieu, Frédéric Mugler, Bernard ', 'https://images.gr-assets.com/books/1390173285m/1381.jpg', 'Lorem ipsum dolor sit amet, consectetur adipiscing elit, sed do eiusmod tempor incididunt ut labore et dolore magna aliqua. Ut enim ad minim veniam, quis nostrud exercitation ullamco laboris nisi ut aliquip ex ea commodo consequat. Duis aute irure dolor in reprehenderit in voluptate velit esse cillum dolore eu fugiat nulla pariatur. Excepteur sint occaecat cupidatat non proident, sunt in culpa qui officia deserunt mollit anim id est laborum.', '1703.00', 4, 'romance'),
('7144', '143058142', 'Crime and Punishment', '???????????????? ? ?????????', 'Fyodor Dostoyevsky, David McDuff', 'https://images.gr-assets.com/books/1382846449m/7144.jpg', 'Lorem ipsum dolor sit amet, consectetur adipiscing elit, sed do eiusmod tempor incididunt ut labore et dolore magna aliqua. Ut enim ad minim veniam, quis nostrud exercitation ullamco laboris nisi ut aliquip ex ea commodo consequat. Duis aute irure dolor in reprehenderit in voluptate velit esse cillum dolore eu fugiat nulla pariatur. Excepteur sint occaecat cupidatat non proident, sunt in culpa qui officia deserunt mollit anim id est laborum.', '1714.00', 0, ''),
('11084145', '1451648537', 'Steve Jobs', 'Steve Jobs', 'Walter Isaacson', 'https://images.gr-assets.com/books/1327861368m/11084145.jpg', 'Lorem ipsum dolor sit amet, consectetur adipiscing elit, sed do eiusmod tempor incididunt ut labore et dolore magna aliqua. Ut enim ad minim veniam, quis nostrud exercitation ullamco laboris nisi ut aliquip ex ea commodo consequat. Duis aute irure dolor in reprehenderit in voluptate velit esse cillum dolore eu fugiat nulla pariatur. Excepteur sint occaecat cupidatat non proident, sunt in culpa qui officia deserunt mollit anim id est laborum.', '190.00', 6, 'thriller'),
('18143977', '1476746583', 'All the Light We Cannot See', '', 'Anthony Doerr', 'https://images.gr-assets.com/books/1451445646m/18143977.jpg', 'Lorem ipsum dolor sit amet, consectetur adipiscing elit, sed do eiusmod tempor incididunt ut labore et dolore magna aliqua. Ut enim ad minim veniam, quis nostrud exercitation ullamco laboris nisi ut aliquip ex ea commodo consequat. Duis aute irure dolor in reprehenderit in voluptate velit esse cillum dolore eu fugiat nulla pariatur. Excepteur sint occaecat cupidatat non proident, sunt in culpa qui officia deserunt mollit anim id est laborum.', '139.00', 23, 'fantasy'),
('157993', '156012197', 'The Little Prince', 'Le Petit Prince', 'Antoine de Saint-Exupéry, Richard Howard, Dom Marcos Barbos', 'https://images.gr-assets.com/books/1367545443m/157993.jpg', 'Lorem ipsum dolor sit amet, consectetur adipiscing elit, sed do eiusmod tempor incididunt ut labore et dolore magna aliqua. Ut enim ad minim veniam, quis nostrud exercitation ullamco laboris nisi ut aliquip ex ea commodo consequat. Duis aute irure dolor in reprehenderit in voluptate velit esse cillum dolore eu fugiat nulla pariatur. Excepteur sint occaecat cupidatat non proident, sunt in culpa qui officia deserunt mollit anim id est laborum.', '1708.00', 1, 'romance'),
('43641', '1565125606', 'Water for Elephants', 'Water for Elephants', 'Sara Gruen', 'https://images.gr-assets.com/books/1494428973m/43641.jpg', 'Lorem ipsum dolor sit amet, consectetur adipiscing elit, sed do eiusmod tempor incididunt ut labore et dolore magna aliqua. Ut enim ad minim veniam, quis nostrud exercitation ullamco laboris nisi ut aliquip ex ea commodo consequat. Duis aute irure dolor in reprehenderit in voluptate velit esse cillum dolore eu fugiat nulla pariatur. Excepteur sint occaecat cupidatat non proident, sunt in culpa qui officia deserunt mollit anim id est laborum.', '128.00', 0, ''),
('77203', '1594480001', 'The Kite Runner', 'The Kite Runner ', 'Khaled Hosseini', 'https://images.gr-assets.com/books/1484565687m/77203.jpg', 'Lorem ipsum dolor sit amet, consectetur adipiscing elit, sed do eiusmod tempor incididunt ut labore et dolore magna aliqua. Ut enim ad minim veniam, quis nostrud exercitation ullamco laboris nisi ut aliquip ex ea commodo consequat. Duis aute irure dolor in reprehenderit in voluptate velit esse cillum dolore eu fugiat nulla pariatur. Excepteur sint occaecat cupidatat non proident, sunt in culpa qui officia deserunt mollit anim id est laborum.', '283.00', 23, 'thriller'),
('128029', '1594489505', 'A Thousand Splendid Suns', 'A Thousand Splendid Suns', 'Khaled Hosseini', 'https://images.gr-assets.com/books/1345958969m/128029.jpg', 'Lorem ipsum dolor sit amet, consectetur adipiscing elit, sed do eiusmod tempor incididunt ut labore et dolore magna aliqua. Ut enim ad minim veniam, quis nostrud exercitation ullamco laboris nisi ut aliquip ex ea commodo consequat. Duis aute irure dolor in reprehenderit in voluptate velit esse cillum dolore eu fugiat nulla pariatur. Excepteur sint occaecat cupidatat non proident, sunt in culpa qui officia deserunt mollit anim id est laborum.', '197.00', 23, 'thriller'),
('22557272', '1594633665', 'The Girl on the Train', 'The Girl on the Train', 'Paula Hawkins', 'https://images.gr-assets.com/books/1490903702m/22557272.jpg', 'Lorem ipsum dolor sit amet, consectetur adipiscing elit, sed do eiusmod tempor incididunt ut labore et dolore magna aliqua. Ut enim ad minim veniam, quis nostrud exercitation ullamco laboris nisi ut aliquip ex ea commodo consequat. Duis aute irure dolor in reprehenderit in voluptate velit esse cillum dolore eu fugiat nulla pariatur. Excepteur sint occaecat cupidatat non proident, sunt in culpa qui officia deserunt mollit anim id est laborum.', '14.00', 5, ''),
('9460487', '1594744769', 'Miss Peregrine???s Home for Peculiar Children (Miss Peregrin', 'Miss Peregrine???s Home for Peculiar Children', 'Ransom Riggs', 'https://images.gr-assets.com/books/1472782916m/9460487.jpg', 'Lorem ipsum dolor sit amet, consectetur adipiscing elit, sed do eiusmod tempor incididunt ut labore et dolore magna aliqua. Ut enim ad minim veniam, quis nostrud exercitation ullamco laboris nisi ut aliquip ex ea commodo consequat. Duis aute irure dolor in reprehenderit in voluptate velit esse cillum dolore eu fugiat nulla pariatur. Excepteur sint occaecat cupidatat non proident, sunt in culpa qui officia deserunt mollit anim id est laborum.', '155.00', 0, 'fantasy'),
('1217100', '1595141715', 'Thirteen Reasons Why', 'Thirteen Reasons Why', 'Jay Asher', 'https://images.gr-assets.com/books/1333822506m/1217100.jpg', 'Lorem ipsum dolor sit amet, consectetur adipiscing elit, sed do eiusmod tempor incididunt ut labore et dolore magna aliqua. Ut enim ad minim veniam, quis nostrud exercitation ullamco laboris nisi ut aliquip ex ea commodo consequat. Duis aute irure dolor in reprehenderit in voluptate velit esse cillum dolore eu fugiat nulla pariatur. Excepteur sint occaecat cupidatat non proident, sunt in culpa qui officia deserunt mollit anim id est laborum.', '150.00', 0, 'detective'),
('10818853', '1612130291', 'Fifty Shades of Grey (Fifty Shades, #1)', 'Fifty Shades of Grey', 'E.L. James', 'https://images.gr-assets.com/books/1385207843m/10818853.jpg', 'Lorem ipsum dolor sit amet, consectetur adipiscing elit, sed do eiusmod tempor incididunt ut labore et dolore magna aliqua. Ut enim ad minim veniam, quis nostrud exercitation ullamco laboris nisi ut aliquip ex ea commodo consequat. Duis aute irure dolor in reprehenderit in voluptate velit esse cillum dolore eu fugiat nulla pariatur. Excepteur sint occaecat cupidatat non proident, sunt in culpa qui officia deserunt mollit anim id est laborum.', '169.00', 23, 'romance'),
('11857408', '1612130585', 'Fifty Shades Darker (Fifty Shades, #2)', 'Fifty Shades Darker', 'E.L. James', 'https://images.gr-assets.com/books/1358266080m/11857408.jpg', 'Lorem ipsum dolor sit amet, consectetur adipiscing elit, sed do eiusmod tempor incididunt ut labore et dolore magna aliqua. Ut enim ad minim veniam, quis nostrud exercitation ullamco laboris nisi ut aliquip ex ea commodo consequat. Duis aute irure dolor in reprehenderit in voluptate velit esse cillum dolore eu fugiat nulla pariatur. Excepteur sint occaecat cupidatat non proident, sunt in culpa qui officia deserunt mollit anim id est laborum.', '147.00', 0, ''),
('2623', '192833596', 'Great Expectations', 'Great Expectations', 'Charles Dickens', 'https://images.gr-assets.com/books/1327920219m/2623.jpg', 'Lorem ipsum dolor sit amet, consectetur adipiscing elit, sed do eiusmod tempor incididunt ut labore et dolore magna aliqua. Ut enim ad minim veniam, quis nostrud exercitation ullamco laboris nisi ut aliquip ex ea commodo consequat. Duis aute irure dolor in reprehenderit in voluptate velit esse cillum dolore eu fugiat nulla pariatur. Excepteur sint occaecat cupidatat non proident, sunt in culpa qui officia deserunt mollit anim id est laborum.', '1725.00', 23, 'romance'),
('', '2313', 'wsdksdk', '', 'dsdsdk', 'download.jfif', 'Lorem ipsum dolor sit amet, consectetur adipiscing elit, sed do eiusmod tempor incididunt ut labore et dolore magna aliqua. Ut enim ad minim veniam, quis nostrud exercitation ullamco laboris nisi ut aliquip ex ea commodo consequat. Duis aute irure dolor in reprehenderit in voluptate velit esse cillum dolore eu fugiat nulla pariatur. Excepteur sint occaecat cupidatat non proident, sunt in culpa qui officia deserunt mollit anim id est laborum.', '233.00', 5, 'romance'),
('8442457', '297859382', 'Gone Girl', 'Gone Girl', 'Gillian Flynn', 'https://images.gr-assets.com/books/1339602131m/8442457.jpg', 'Lorem ipsum dolor sit amet, consectetur adipiscing elit, sed do eiusmod tempor incididunt ut labore et dolore magna aliqua. Ut enim ad minim veniam, quis nostrud exercitation ullamco laboris nisi ut aliquip ex ea commodo consequat. Duis aute irure dolor in reprehenderit in voluptate velit esse cillum dolore eu fugiat nulla pariatur. Excepteur sint occaecat cupidatat non proident, sunt in culpa qui officia deserunt mollit anim id est laborum.', '196.00', 7, 'detective'),
('6288', '307265439', 'The Road', 'The Road', 'Cormac McCarthy', 'https://images.gr-assets.com/books/1439197219m/6288.jpg', 'Lorem ipsum dolor sit amet, consectetur adipiscing elit, sed do eiusmod tempor incididunt ut labore et dolore magna aliqua. Ut enim ad minim veniam, quis nostrud exercitation ullamco laboris nisi ut aliquip ex ea commodo consequat. Duis aute irure dolor in reprehenderit in voluptate velit esse cillum dolore eu fugiat nulla pariatur. Excepteur sint occaecat cupidatat non proident, sunt in culpa qui officia deserunt mollit anim id est laborum.', '181.00', 5, 'romance'),
('2429135', '307269752', 'The Girl with the Dragon Tattoo (Millennium, #1)', 'Män som hatar kvinnor', 'Stieg Larsson, Reg Keeland', 'https://images.gr-assets.com/books/1327868566m/2429135.jpg', 'Lorem ipsum dolor sit amet, consectetur adipiscing elit, sed do eiusmod tempor incididunt ut labore et dolore magna aliqua. Ut enim ad minim veniam, quis nostrud exercitation ullamco laboris nisi ut aliquip ex ea commodo consequat. Duis aute irure dolor in reprehenderit in voluptate velit esse cillum dolore eu fugiat nulla pariatur. Excepteur sint occaecat cupidatat non proident, sunt in culpa qui officia deserunt mollit anim id est laborum.', '274.00', 1, 'mysterywestern'),
('5060378', '307269981', 'The Girl Who Played with Fire (Millennium, #2)', 'Flickan som lekte med elden', 'Stieg Larsson, Reg Keeland', 'https://images.gr-assets.com/books/1351778881m/5060378.jpg', 'Lorem ipsum dolor sit amet, consectetur adipiscing elit, sed do eiusmod tempor incididunt ut labore et dolore magna aliqua. Ut enim ad minim veniam, quis nostrud exercitation ullamco laboris nisi ut aliquip ex ea commodo consequat. Duis aute irure dolor in reprehenderit in voluptate velit esse cillum dolore eu fugiat nulla pariatur. Excepteur sint occaecat cupidatat non proident, sunt in culpa qui officia deserunt mollit anim id est laborum.', '209.00', 6, 'mysterywestern'),
('5139', '307275558', 'The Devil Wears Prada (The Devil Wears Prada, #1)', 'The Devil Wears Prada', 'Lauren Weisberger', 'https://s.gr-assets.com/assets/nophoto/book/111x148-bcc042a9c91a29c1d680899eff700a03.png', 'Lorem ipsum dolor sit amet, consectetur adipiscing elit, sed do eiusmod tempor incididunt ut labore et dolore magna aliqua. Ut enim ad minim veniam, quis nostrud exercitation ullamco laboris nisi ut aliquip ex ea commodo consequat. Duis aute irure dolor in reprehenderit in voluptate velit esse cillum dolore eu fugiat nulla pariatur. Excepteur sint occaecat cupidatat non proident, sunt in culpa qui officia deserunt mollit anim id est laborum.', '129.00', 23, 'thriller'),
('968', '307277674', 'The Da Vinci Code (Robert Langdon, #2)', 'The Da Vinci Code', 'Dan Brown', 'https://images.gr-assets.com/books/1303252999m/968.jpg', 'Lorem ipsum dolor sit amet, consectetur adipiscing elit, sed do eiusmod tempor incididunt ut labore et dolore magna aliqua. Ut enim ad minim veniam, quis nostrud exercitation ullamco laboris nisi ut aliquip ex ea commodo consequat. Duis aute irure dolor in reprehenderit in voluptate velit esse cillum dolore eu fugiat nulla pariatur. Excepteur sint occaecat cupidatat non proident, sunt in culpa qui officia deserunt mollit anim id est laborum.', '350.00', 23, 'fantasy'),
('4381', '307347974', 'Fahrenheit 451', 'Fahrenheit 451', 'Ray Bradbury', 'https://images.gr-assets.com/books/1351643740m/4381.jpg', 'Lorem ipsum dolor sit amet, consectetur adipiscing elit, sed do eiusmod tempor incididunt ut labore et dolore magna aliqua. Ut enim ad minim veniam, quis nostrud exercitation ullamco laboris nisi ut aliquip ex ea commodo consequat. Duis aute irure dolor in reprehenderit in voluptate velit esse cillum dolore eu fugiat nulla pariatur. Excepteur sint occaecat cupidatat non proident, sunt in culpa qui officia deserunt mollit anim id est laborum.', '507.00', 1, 'romance'),
('12262741', '307592731', 'Wild: From Lost to Found on the Pacific Crest Trail', 'Wild: From Lost to Found on the Pacific Crest Trail ', 'Cheryl Strayed', 'https://images.gr-assets.com/books/1453189881m/12262741.jpg', 'Lorem ipsum dolor sit amet, consectetur adipiscing elit, sed do eiusmod tempor incididunt ut labore et dolore magna aliqua. Ut enim ad minim veniam, quis nostrud exercitation ullamco laboris nisi ut aliquip ex ea commodo consequat. Duis aute irure dolor in reprehenderit in voluptate velit esse cillum dolore eu fugiat nulla pariatur. Excepteur sint occaecat cupidatat non proident, sunt in culpa qui officia deserunt mollit anim id est laborum.', '101.00', 0, ''),
('16299', '312330871', 'And Then There Were None', 'Ten Little Niggers', 'Agatha Christie', 'https://images.gr-assets.com/books/1391120695m/16299.jpg', 'Lorem ipsum dolor sit amet, consectetur adipiscing elit, sed do eiusmod tempor incididunt ut labore et dolore magna aliqua. Ut enim ad minim veniam, quis nostrud exercitation ullamco laboris nisi ut aliquip ex ea commodo consequat. Duis aute irure dolor in reprehenderit in voluptate velit esse cillum dolore eu fugiat nulla pariatur. Excepteur sint occaecat cupidatat non proident, sunt in culpa qui officia deserunt mollit anim id est laborum.', '474.00', 23, 'romance'),
('4989', '312353766', 'The Red Tent', 'The Red Tent', 'Anita Diamant', 'https://s.gr-assets.com/assets/nophoto/book/111x148-bcc042a9c91a29c1d680899eff700a03.png', 'Lorem ipsum dolor sit amet, consectetur adipiscing elit, sed do eiusmod tempor incididunt ut labore et dolore magna aliqua. Ut enim ad minim veniam, quis nostrud exercitation ullamco laboris nisi ut aliquip ex ea commodo consequat. Duis aute irure dolor in reprehenderit in voluptate velit esse cillum dolore eu fugiat nulla pariatur. Excepteur sint occaecat cupidatat non proident, sunt in culpa qui officia deserunt mollit anim id est laborum.', '80.00', 5, 'fantasy'),
('2187', '312422156', 'Middlesex', 'Middlesex', 'Jeffrey Eugenides', 'https://images.gr-assets.com/books/1437029776m/2187.jpg', 'Lorem ipsum dolor sit amet, consectetur adipiscing elit, sed do eiusmod tempor incididunt ut labore et dolore magna aliqua. Ut enim ad minim veniam, quis nostrud exercitation ullamco laboris nisi ut aliquip ex ea commodo consequat. Duis aute irure dolor in reprehenderit in voluptate velit esse cillum dolore eu fugiat nulla pariatur. Excepteur sint occaecat cupidatat non proident, sunt in culpa qui officia deserunt mollit anim id est laborum.', '125.00', 7, 'mysterywestern'),
('41865', '316015849', 'Twilight (Twilight, #1)', 'Twilight', 'Stephenie Meyer', 'https://images.gr-assets.com/books/1361039443m/41865.jpg', 'Lorem ipsum dolor sit amet, consectetur adipiscing elit, sed do eiusmod tempor incididunt ut labore et dolore magna aliqua. Ut enim ad minim veniam, quis nostrud exercitation ullamco laboris nisi ut aliquip ex ea commodo consequat. Duis aute irure dolor in reprehenderit in voluptate velit esse cillum dolore eu fugiat nulla pariatur. Excepteur sint occaecat cupidatat non proident, sunt in culpa qui officia deserunt mollit anim id est laborum.', '226.00', 4, 'detective'),
('3228917', '316017922', 'Outliers: The Story of Success', 'Outliers: The Story of Success', 'Malcolm Gladwell', 'https://images.gr-assets.com/books/1344266315m/3228917.jpg', 'Lorem ipsum dolor sit amet, consectetur adipiscing elit, sed do eiusmod tempor incididunt ut labore et dolore magna aliqua. Ut enim ad minim veniam, quis nostrud exercitation ullamco laboris nisi ut aliquip ex ea commodo consequat. Duis aute irure dolor in reprehenderit in voluptate velit esse cillum dolore eu fugiat nulla pariatur. Excepteur sint occaecat cupidatat non proident, sunt in culpa qui officia deserunt mollit anim id est laborum.', '120.00', 5, 'mysterywestern'),
('6304335', '316042676', 'Beautiful Creatures (Caster Chronicles, #1)', 'Beautiful Creatures', 'Kami Garcia, Margaret Stohl', 'https://images.gr-assets.com/books/1327873282m/6304335.jpg', 'Lorem ipsum dolor sit amet, consectetur adipiscing elit, sed do eiusmod tempor incididunt ut labore et dolore magna aliqua. Ut enim ad minim veniam, quis nostrud exercitation ullamco laboris nisi ut aliquip ex ea commodo consequat. Duis aute irure dolor in reprehenderit in voluptate velit esse cillum dolore eu fugiat nulla pariatur. Excepteur sint occaecat cupidatat non proident, sunt in culpa qui officia deserunt mollit anim id est laborum.', '119.00', 23, 'romance'),
('17333223', '316055433', 'The Goldfinch', 'The Goldfinch', 'Donna Tartt', 'https://images.gr-assets.com/books/1451554970m/17333223.jpg', 'Lorem ipsum dolor sit amet, consectetur adipiscing elit, sed do eiusmod tempor incididunt ut labore et dolore magna aliqua. Ut enim ad minim veniam, quis nostrud exercitation ullamco laboris nisi ut aliquip ex ea commodo consequat. Duis aute irure dolor in reprehenderit in voluptate velit esse cillum dolore eu fugiat nulla pariatur. Excepteur sint occaecat cupidatat non proident, sunt in culpa qui officia deserunt mollit anim id est laborum.', '108.00', 0, ''),
('1656001', '316068047', 'The Host (The Host, #1)', 'The Host', 'Stephenie Meyer', 'https://images.gr-assets.com/books/1318009171m/1656001.jpg', 'Lorem ipsum dolor sit amet, consectetur adipiscing elit, sed do eiusmod tempor incididunt ut labore et dolore magna aliqua. Ut enim ad minim veniam, quis nostrud exercitation ullamco laboris nisi ut aliquip ex ea commodo consequat. Duis aute irure dolor in reprehenderit in voluptate velit esse cillum dolore eu fugiat nulla pariatur. Excepteur sint occaecat cupidatat non proident, sunt in culpa qui officia deserunt mollit anim id est laborum.', '161.00', 1, 'mysterywestern'),
('7937843', '316098337', 'Room', 'Room', 'Emma Donoghue', 'https://images.gr-assets.com/books/1344265419m/7937843.jpg', 'Lorem ipsum dolor sit amet, consectetur adipiscing elit, sed do eiusmod tempor incididunt ut labore et dolore magna aliqua. Ut enim ad minim veniam, quis nostrud exercitation ullamco laboris nisi ut aliquip ex ea commodo consequat. Duis aute irure dolor in reprehenderit in voluptate velit esse cillum dolore eu fugiat nulla pariatur. Excepteur sint occaecat cupidatat non proident, sunt in culpa qui officia deserunt mollit anim id est laborum.', '151.00', 1, 'detective'),
('49041', '316160199', 'New Moon (Twilight, #2)', 'New Moon (Twilight, #2)', 'Stephenie Meyer', 'https://images.gr-assets.com/books/1361039440m/49041.jpg', 'Lorem ipsum dolor sit amet, consectetur adipiscing elit, sed do eiusmod tempor incididunt ut labore et dolore magna aliqua. Ut enim ad minim veniam, quis nostrud exercitation ullamco laboris nisi ut aliquip ex ea commodo consequat. Duis aute irure dolor in reprehenderit in voluptate velit esse cillum dolore eu fugiat nulla pariatur. Excepteur sint occaecat cupidatat non proident, sunt in culpa qui officia deserunt mollit anim id est laborum.', '194.00', 6, 'mysterywestern'),
('428263', '316160202', 'Eclipse (Twilight, #3)', 'Eclipse', 'Stephenie Meyer', 'https://images.gr-assets.com/books/1361038355m/428263.jpg', 'Lorem ipsum dolor sit amet, consectetur adipiscing elit, sed do eiusmod tempor incididunt ut labore et dolore magna aliqua. Ut enim ad minim veniam, quis nostrud exercitation ullamco laboris nisi ut aliquip ex ea commodo consequat. Duis aute irure dolor in reprehenderit in voluptate velit esse cillum dolore eu fugiat nulla pariatur. Excepteur sint occaecat cupidatat non proident, sunt in culpa qui officia deserunt mollit anim id est laborum.', '185.00', 0, '');
INSERT INTO `books` (`book_id`, `book_isbn`, `book_title`, `original_title`, `book_author`, `book_image`, `book_descr`, `book_price`, `publisherid`, `genre`) VALUES
('12232938', '316166685', 'The Lovely Bones', 'The Lovely Bones', 'Alice Sebold', 'https://images.gr-assets.com/books/1457810586m/12232938.jpg', 'Lorem ipsum dolor sit amet, consectetur adipiscing elit, sed do eiusmod tempor incididunt ut labore et dolore magna aliqua. Ut enim ad minim veniam, quis nostrud exercitation ullamco laboris nisi ut aliquip ex ea commodo consequat. Duis aute irure dolor in reprehenderit in voluptate velit esse cillum dolore eu fugiat nulla pariatur. Excepteur sint occaecat cupidatat non proident, sunt in culpa qui officia deserunt mollit anim id est laborum.', '183.00', 5, 'thriller'),
('2612', '316346624', 'The Tipping Point: How Little Things Can Make a Big Differen', 'The Tipping Point: How Little Things Can Make a Big Differen', 'Malcolm Gladwell', 'https://images.gr-assets.com/books/1473396980m/2612.jpg', 'Lorem ipsum dolor sit amet, consectetur adipiscing elit, sed do eiusmod tempor incididunt ut labore et dolore magna aliqua. Ut enim ad minim veniam, quis nostrud exercitation ullamco laboris nisi ut aliquip ex ea commodo consequat. Duis aute irure dolor in reprehenderit in voluptate velit esse cillum dolore eu fugiat nulla pariatur. Excepteur sint occaecat cupidatat non proident, sunt in culpa qui officia deserunt mollit anim id est laborum.', '100.00', 7, 'mysterywestern'),
('5107', '316769177', 'The Catcher in the Rye', 'The Catcher in the Rye', 'J.D. Salinger', 'https://images.gr-assets.com/books/1398034300m/5107.jpg', 'Lorem ipsum dolor sit amet, consectetur adipiscing elit, sed do eiusmod tempor incididunt ut labore et dolore magna aliqua. Ut enim ad minim veniam, quis nostrud exercitation ullamco laboris nisi ut aliquip ex ea commodo consequat. Duis aute irure dolor in reprehenderit in voluptate velit esse cillum dolore eu fugiat nulla pariatur. Excepteur sint occaecat cupidatat non proident, sunt in culpa qui officia deserunt mollit anim id est laborum.', '360.00', 4, 'mysterywestern'),
('1000', '321', 'sdd', 'Title', '323', 'wallpapersden.com_mysterious-place-minim', 'Lorem ipsum dolor sit amet, consectetur adipiscing elit, sed do eiusmod tempor incididunt ut labore et dolore magna aliqua. Ut enim ad minim veniam, quis nostrud exercitation ullamco laboris nisi ut aliquip ex ea commodo consequat. Duis aute irure dolor in reprehenderit in voluptate velit esse cillum dolore eu fugiat nulla pariatur. Excepteur sint occaecat cupidatat non proident, sunt in culpa qui officia deserunt mollit anim id est laborum.', '23.00', 5, 'detective'),
('234225', '340839937', 'Dune (Dune Chronicles #1)', 'Dune', 'Frank Herbert', 'https://images.gr-assets.com/books/1434908555m/234225.jpg', 'Lorem ipsum dolor sit amet, consectetur adipiscing elit, sed do eiusmod tempor incididunt ut labore et dolore magna aliqua. Ut enim ad minim veniam, quis nostrud exercitation ullamco laboris nisi ut aliquip ex ea commodo consequat. Duis aute irure dolor in reprehenderit in voluptate velit esse cillum dolore eu fugiat nulla pariatur. Excepteur sint occaecat cupidatat non proident, sunt in culpa qui officia deserunt mollit anim id est laborum.', '241.00', 5, 'romance'),
('18512', '345339738', 'The Return of the King (The Lord of the Rings, #3)', 'The Return of the King', 'J.R.R. Tolkien', 'https://images.gr-assets.com/books/1389977161m/18512.jpg', 'Lorem ipsum dolor sit amet, consectetur adipiscing elit, sed do eiusmod tempor incididunt ut labore et dolore magna aliqua. Ut enim ad minim veniam, quis nostrud exercitation ullamco laboris nisi ut aliquip ex ea commodo consequat. Duis aute irure dolor in reprehenderit in voluptate velit esse cillum dolore eu fugiat nulla pariatur. Excepteur sint occaecat cupidatat non proident, sunt in culpa qui officia deserunt mollit anim id est laborum.', '470.00', 23, 'fantasy'),
('11', '345391802', 'The Hitchhiker\'s Guide to the Galaxy (Hitchhiker\'s Guide to ', 'The Hitchhiker\'s Guide to the Galaxy', 'Douglas Adams', 'https://images.gr-assets.com/books/1327656754m/11.jpg', 'Lorem ipsum dolor sit amet, consectetur adipiscing elit, sed do eiusmod tempor incididunt ut labore et dolore magna aliqua. Ut enim ad minim veniam, quis nostrud exercitation ullamco laboris nisi ut aliquip ex ea commodo consequat. Duis aute irure dolor in reprehenderit in voluptate velit esse cillum dolore eu fugiat nulla pariatur. Excepteur sint occaecat cupidatat non proident, sunt in culpa qui officia deserunt mollit anim id est laborum.', '257.00', 4, 'mysterywestern'),
('21787', '345418263', 'The Princess Bride ', 'The Princess Bride', 'William Goldman', 'https://images.gr-assets.com/books/1327903636m/21787.jpg', 'Lorem ipsum dolor sit amet, consectetur adipiscing elit, sed do eiusmod tempor incididunt ut labore et dolore magna aliqua. Ut enim ad minim veniam, quis nostrud exercitation ullamco laboris nisi ut aliquip ex ea commodo consequat. Duis aute irure dolor in reprehenderit in voluptate velit esse cillum dolore eu fugiat nulla pariatur. Excepteur sint occaecat cupidatat non proident, sunt in culpa qui officia deserunt mollit anim id est laborum.', '129.00', 1, ''),
('13536860', '345803507', 'Fifty Shades Freed (Fifty Shades, #3)', 'Fifty Shades Freed', 'E.L. James', 'https://images.gr-assets.com/books/1336418837m/13536860.jpg', 'Lorem ipsum dolor sit amet, consectetur adipiscing elit, sed do eiusmod tempor incididunt ut labore et dolore magna aliqua. Ut enim ad minim veniam, quis nostrud exercitation ullamco laboris nisi ut aliquip ex ea commodo consequat. Duis aute irure dolor in reprehenderit in voluptate velit esse cillum dolore eu fugiat nulla pariatur. Excepteur sint occaecat cupidatat non proident, sunt in culpa qui officia deserunt mollit anim id est laborum.', '133.00', 4, 'fantasy'),
('15823480', '345803922', 'Anna Karenina', '???? ??????????', 'Leo Tolstoy, Louise Maude, Leo Tolstoj, Aylmer Maude', 'https://images.gr-assets.com/books/1352422904m/15823480.jpg', 'Lorem ipsum dolor sit amet, consectetur adipiscing elit, sed do eiusmod tempor incididunt ut labore et dolore magna aliqua. Ut enim ad minim veniam, quis nostrud exercitation ullamco laboris nisi ut aliquip ex ea commodo consequat. Duis aute irure dolor in reprehenderit in voluptate velit esse cillum dolore eu fugiat nulla pariatur. Excepteur sint occaecat cupidatat non proident, sunt in culpa qui officia deserunt mollit anim id est laborum.', '1492.00', 7, 'romance'),
('4137', '349113912', 'Me Talk Pretty One Day', 'Me Talk Pretty One Day', 'David Sedaris', 'https://s.gr-assets.com/assets/nophoto/book/111x148-bcc042a9c91a29c1d680899eff700a03.png', 'Lorem ipsum dolor sit amet, consectetur adipiscing elit, sed do eiusmod tempor incididunt ut labore et dolore magna aliqua. Ut enim ad minim veniam, quis nostrud exercitation ullamco laboris nisi ut aliquip ex ea commodo consequat. Duis aute irure dolor in reprehenderit in voluptate velit esse cillum dolore eu fugiat nulla pariatur. Excepteur sint occaecat cupidatat non proident, sunt in culpa qui officia deserunt mollit anim id est laborum.', '59.00', 6, 'detective'),
('1617', '374500010', 'Night (The Night Trilogy #1)', 'Un di Velt Hot Geshvign', 'Elie Wiesel, Marion Wiesel', 'https://images.gr-assets.com/books/1473495285m/1617.jpg', 'Lorem ipsum dolor sit amet, consectetur adipiscing elit, sed do eiusmod tempor incididunt ut labore et dolore magna aliqua. Ut enim ad minim veniam, quis nostrud exercitation ullamco laboris nisi ut aliquip ex ea commodo consequat. Duis aute irure dolor in reprehenderit in voluptate velit esse cillum dolore eu fugiat nulla pariatur. Excepteur sint occaecat cupidatat non proident, sunt in culpa qui officia deserunt mollit anim id est laborum.', '109.00', 1, 'fantasy'),
('5297', '375751513', 'The Picture of Dorian Gray', 'The Picture of Dorian Gray', 'Oscar Wilde, Jeffrey Eugenides', 'https://images.gr-assets.com/books/1424596966m/5297.jpg', 'Lorem ipsum dolor sit amet, consectetur adipiscing elit, sed do eiusmod tempor incididunt ut labore et dolore magna aliqua. Ut enim ad minim veniam, quis nostrud exercitation ullamco laboris nisi ut aliquip ex ea commodo consequat. Duis aute irure dolor in reprehenderit in voluptate velit esse cillum dolore eu fugiat nulla pariatur. Excepteur sint occaecat cupidatat non proident, sunt in culpa qui officia deserunt mollit anim id est laborum.', '2303.00', 23, ''),
('113436', '375826696', 'Eragon (The Inheritance Cycle, #1)', 'Eragon', 'Christopher Paolini', 'https://images.gr-assets.com/books/1366212852m/113436.jpg', 'Lorem ipsum dolor sit amet, consectetur adipiscing elit, sed do eiusmod tempor incididunt ut labore et dolore magna aliqua. Ut enim ad minim veniam, quis nostrud exercitation ullamco laboris nisi ut aliquip ex ea commodo consequat. Duis aute irure dolor in reprehenderit in voluptate velit esse cillum dolore eu fugiat nulla pariatur. Excepteur sint occaecat cupidatat non proident, sunt in culpa qui officia deserunt mollit anim id est laborum.', '217.00', 7, 'mysterywestern'),
('19063', '375831002', 'The Book Thief', 'The Book Thief', 'Markus Zusak', 'https://images.gr-assets.com/books/1390053681m/19063.jpg', 'Lorem ipsum dolor sit amet, consectetur adipiscing elit, sed do eiusmod tempor incididunt ut labore et dolore magna aliqua. Ut enim ad minim veniam, quis nostrud exercitation ullamco laboris nisi ut aliquip ex ea commodo consequat. Duis aute irure dolor in reprehenderit in voluptate velit esse cillum dolore eu fugiat nulla pariatur. Excepteur sint occaecat cupidatat non proident, sunt in culpa qui officia deserunt mollit anim id est laborum.', '251.00', 4, 'thriller'),
('149267', '385199570', 'The Stand', 'The Stand', 'Stephen King, Bernie Wrightson', 'https://images.gr-assets.com/books/1213131305m/149267.jpg', 'Lorem ipsum dolor sit amet, consectetur adipiscing elit, sed do eiusmod tempor incididunt ut labore et dolore magna aliqua. Ut enim ad minim veniam, quis nostrud exercitation ullamco laboris nisi ut aliquip ex ea commodo consequat. Duis aute irure dolor in reprehenderit in voluptate velit esse cillum dolore eu fugiat nulla pariatur. Excepteur sint occaecat cupidatat non proident, sunt in culpa qui officia deserunt mollit anim id est laborum.', '195.00', 4, 'thriller'),
('4981', '385333846', 'Slaughterhouse-Five', 'Slaughterhouse-Five, or The Children\'s Crusade: A Duty-Dance', 'Kurt Vonnegut Jr.', 'https://images.gr-assets.com/books/1440319389m/4981.jpg', 'Lorem ipsum dolor sit amet, consectetur adipiscing elit, sed do eiusmod tempor incididunt ut labore et dolore magna aliqua. Ut enim ad minim veniam, quis nostrud exercitation ullamco laboris nisi ut aliquip ex ea commodo consequat. Duis aute irure dolor in reprehenderit in voluptate velit esse cillum dolore eu fugiat nulla pariatur. Excepteur sint occaecat cupidatat non proident, sunt in culpa qui officia deserunt mollit anim id est laborum.', '241.00', 7, 'romance'),
('32542', '385338600', 'A Time to Kill', 'A Time to Kill', 'John Grisham', 'https://s.gr-assets.com/assets/nophoto/book/111x148-bcc042a9c91a29c1d680899eff700a03.png', 'Lorem ipsum dolor sit amet, consectetur adipiscing elit, sed do eiusmod tempor incididunt ut labore et dolore magna aliqua. Ut enim ad minim veniam, quis nostrud exercitation ullamco laboris nisi ut aliquip ex ea commodo consequat. Duis aute irure dolor in reprehenderit in voluptate velit esse cillum dolore eu fugiat nulla pariatur. Excepteur sint occaecat cupidatat non proident, sunt in culpa qui officia deserunt mollit anim id est laborum.', '158.00', 6, ''),
('2728527', '385340990', 'The Guernsey Literary and Potato Peel Pie Society', 'The Guernsey Literary and Potato Peel Pie Society', 'Mary Ann Shaffer, Annie Barrows', 'https://images.gr-assets.com/books/1351979318m/2728527.jpg', 'Lorem ipsum dolor sit amet, consectetur adipiscing elit, sed do eiusmod tempor incididunt ut labore et dolore magna aliqua. Ut enim ad minim veniam, quis nostrud exercitation ullamco laboris nisi ut aliquip ex ea commodo consequat. Duis aute irure dolor in reprehenderit in voluptate velit esse cillum dolore eu fugiat nulla pariatur. Excepteur sint occaecat cupidatat non proident, sunt in culpa qui officia deserunt mollit anim id est laborum.', '116.00', 7, 'detective'),
('1845', '385486804', 'Into the Wild', 'Into the Wild', 'Jon Krakauer', 'https://images.gr-assets.com/books/1403173986m/1845.jpg', 'Lorem ipsum dolor sit amet, consectetur adipiscing elit, sed do eiusmod tempor incididunt ut labore et dolore magna aliqua. Ut enim ad minim veniam, quis nostrud exercitation ullamco laboris nisi ut aliquip ex ea commodo consequat. Duis aute irure dolor in reprehenderit in voluptate velit esse cillum dolore eu fugiat nulla pariatur. Excepteur sint occaecat cupidatat non proident, sunt in culpa qui officia deserunt mollit anim id est laborum.', '108.00', 0, 'romance'),
('9361589', '385534639', 'The Night Circus', 'The Night Circus', 'Erin Morgenstern', 'https://images.gr-assets.com/books/1387124618m/9361589.jpg', 'Lorem ipsum dolor sit amet, consectetur adipiscing elit, sed do eiusmod tempor incididunt ut labore et dolore magna aliqua. Ut enim ad minim veniam, quis nostrud exercitation ullamco laboris nisi ut aliquip ex ea commodo consequat. Duis aute irure dolor in reprehenderit in voluptate velit esse cillum dolore eu fugiat nulla pariatur. Excepteur sint occaecat cupidatat non proident, sunt in culpa qui officia deserunt mollit anim id est laborum.', '119.00', 6, 'mysterywestern'),
('452306', '385729332', 'The Sisterhood of the Traveling Pants (Sisterhood, #1)', 'The Sisterhood of the Traveling Pants', 'Ann Brashares', 'https://images.gr-assets.com/books/1461611233m/452306.jpg', 'Lorem ipsum dolor sit amet, consectetur adipiscing elit, sed do eiusmod tempor incididunt ut labore et dolore magna aliqua. Ut enim ad minim veniam, quis nostrud exercitation ullamco laboris nisi ut aliquip ex ea commodo consequat. Duis aute irure dolor in reprehenderit in voluptate velit esse cillum dolore eu fugiat nulla pariatur. Excepteur sint occaecat cupidatat non proident, sunt in culpa qui officia deserunt mollit anim id est laborum.', '93.00', 4, 'mysterywestern'),
('3636', '385732554', 'The Giver (The Giver, #1)', 'The Giver', 'Lois Lowry', 'https://images.gr-assets.com/books/1342493368m/3636.jpg', 'Lorem ipsum dolor sit amet, consectetur adipiscing elit, sed do eiusmod tempor incididunt ut labore et dolore magna aliqua. Ut enim ad minim veniam, quis nostrud exercitation ullamco laboris nisi ut aliquip ex ea commodo consequat. Duis aute irure dolor in reprehenderit in voluptate velit esse cillum dolore eu fugiat nulla pariatur. Excepteur sint occaecat cupidatat non proident, sunt in culpa qui officia deserunt mollit anim id est laborum.', '192.00', 5, 'romance'),
('6186357', '385737947', 'The Maze Runner (Maze Runner, #1)', 'The Maze Runner', 'James Dashner', 'https://images.gr-assets.com/books/1375596592m/6186357.jpg', 'Lorem ipsum dolor sit amet, consectetur adipiscing elit, sed do eiusmod tempor incididunt ut labore et dolore magna aliqua. Ut enim ad minim veniam, quis nostrud exercitation ullamco laboris nisi ut aliquip ex ea commodo consequat. Duis aute irure dolor in reprehenderit in voluptate velit esse cillum dolore eu fugiat nulla pariatur. Excepteur sint occaecat cupidatat non proident, sunt in culpa qui officia deserunt mollit anim id est laborum.', '147.00', 7, 'mysterywestern'),
('227463', '393312836', 'A Clockwork Orange', 'A Clockwork Orange', 'Anthony Burgess', 'https://images.gr-assets.com/books/1348339306m/227463.jpg', 'Lorem ipsum dolor sit amet, consectetur adipiscing elit, sed do eiusmod tempor incididunt ut labore et dolore magna aliqua. Ut enim ad minim veniam, quis nostrud exercitation ullamco laboris nisi ut aliquip ex ea commodo consequat. Duis aute irure dolor in reprehenderit in voluptate velit esse cillum dolore eu fugiat nulla pariatur. Excepteur sint occaecat cupidatat non proident, sunt in culpa qui officia deserunt mollit anim id est laborum.', '283.00', 4, 'mysterywestern'),
('5759', '393327345', 'Fight Club', 'Fight Club', 'Chuck Palahniuk', 'https://images.gr-assets.com/books/1357128997m/5759.jpg', 'Lorem ipsum dolor sit amet, consectetur adipiscing elit, sed do eiusmod tempor incididunt ut labore et dolore magna aliqua. Ut enim ad minim veniam, quis nostrud exercitation ullamco laboris nisi ut aliquip ex ea commodo consequat. Duis aute irure dolor in reprehenderit in voluptate velit esse cillum dolore eu fugiat nulla pariatur. Excepteur sint occaecat cupidatat non proident, sunt in culpa qui officia deserunt mollit anim id est laborum.', '162.00', 23, 'fantasy'),
('17245', '393970124', 'Dracula', 'Dracula', 'Bram Stoker, Nina Auerbach, David J. Skal', 'https://images.gr-assets.com/books/1387151694m/17245.jpg', 'Lorem ipsum dolor sit amet, consectetur adipiscing elit, sed do eiusmod tempor incididunt ut labore et dolore magna aliqua. Ut enim ad minim veniam, quis nostrud exercitation ullamco laboris nisi ut aliquip ex ea commodo consequat. Duis aute irure dolor in reprehenderit in voluptate velit esse cillum dolore eu fugiat nulla pariatur. Excepteur sint occaecat cupidatat non proident, sunt in culpa qui officia deserunt mollit anim id est laborum.', '2207.00', 0, 'romance'),
('6185', '393978893', 'Wuthering Heights', 'Wuthering Heights', 'Emily Brontë, Richard J. Dunn', 'https://s.gr-assets.com/assets/nophoto/book/111x148-bcc042a9c91a29c1d680899eff700a03.png', 'Lorem ipsum dolor sit amet, consectetur adipiscing elit, sed do eiusmod tempor incididunt ut labore et dolore magna aliqua. Ut enim ad minim veniam, quis nostrud exercitation ullamco laboris nisi ut aliquip ex ea commodo consequat. Duis aute irure dolor in reprehenderit in voluptate velit esse cillum dolore eu fugiat nulla pariatur. Excepteur sint occaecat cupidatat non proident, sunt in culpa qui officia deserunt mollit anim id est laborum.', '2498.00', 0, 'fantasy'),
('23772', '394800168', 'Green Eggs and Ham', 'Green Eggs and Ham', 'Dr. Seuss, ????? ?????', 'https://images.gr-assets.com/books/1468680100m/23772.jpg', 'Lorem ipsum dolor sit amet, consectetur adipiscing elit, sed do eiusmod tempor incididunt ut labore et dolore magna aliqua. Ut enim ad minim veniam, quis nostrud exercitation ullamco laboris nisi ut aliquip ex ea commodo consequat. Duis aute irure dolor in reprehenderit in voluptate velit esse cillum dolore eu fugiat nulla pariatur. Excepteur sint occaecat cupidatat non proident, sunt in culpa qui officia deserunt mollit anim id est laborum.', '72.00', 7, 'mysterywestern'),
('4667024', '399155341', 'The Help', 'The Help', 'Kathryn Stockett', 'https://images.gr-assets.com/books/1346100365m/4667024.jpg', 'Lorem ipsum dolor sit amet, consectetur adipiscing elit, sed do eiusmod tempor incididunt ut labore et dolore magna aliqua. Ut enim ad minim veniam, quis nostrud exercitation ullamco laboris nisi ut aliquip ex ea commodo consequat. Duis aute irure dolor in reprehenderit in voluptate velit esse cillum dolore eu fugiat nulla pariatur. Excepteur sint occaecat cupidatat non proident, sunt in culpa qui officia deserunt mollit anim id est laborum.', '183.00', 0, ''),
('2767052', '439023483', 'The Hunger Games (The Hunger Games, #1)', 'The Hunger Games', 'Suzanne Collins', 'https://images.gr-assets.com/books/1447303603m/2767052.jpg', 'Lorem ipsum dolor sit amet, consectetur adipiscing elit, sed do eiusmod tempor incididunt ut labore et dolore magna aliqua. Ut enim ad minim veniam, quis nostrud exercitation ullamco laboris nisi ut aliquip ex ea commodo consequat. Duis aute irure dolor in reprehenderit in voluptate velit esse cillum dolore eu fugiat nulla pariatur. Excepteur sint occaecat cupidatat non proident, sunt in culpa qui officia deserunt mollit anim id est laborum.', '272.00', 7, ''),
('6148028', '439023491', 'Catching Fire (The Hunger Games, #2)', 'Catching Fire', 'Suzanne Collins', 'https://images.gr-assets.com/books/1358273780m/6148028.jpg', 'Lorem ipsum dolor sit amet, consectetur adipiscing elit, sed do eiusmod tempor incididunt ut labore et dolore magna aliqua. Ut enim ad minim veniam, quis nostrud exercitation ullamco laboris nisi ut aliquip ex ea commodo consequat. Duis aute irure dolor in reprehenderit in voluptate velit esse cillum dolore eu fugiat nulla pariatur. Excepteur sint occaecat cupidatat non proident, sunt in culpa qui officia deserunt mollit anim id est laborum.', '201.00', 23, 'mysterywestern'),
('7260188', '439023513', 'Mockingjay (The Hunger Games, #3)', 'Mockingjay', 'Suzanne Collins', 'https://images.gr-assets.com/books/1358275419m/7260188.jpg', 'Lorem ipsum dolor sit amet, consectetur adipiscing elit, sed do eiusmod tempor incididunt ut labore et dolore magna aliqua. Ut enim ad minim veniam, quis nostrud exercitation ullamco laboris nisi ut aliquip ex ea commodo consequat. Duis aute irure dolor in reprehenderit in voluptate velit esse cillum dolore eu fugiat nulla pariatur. Excepteur sint occaecat cupidatat non proident, sunt in culpa qui officia deserunt mollit anim id est laborum.', '239.00', 4, 'fantasy'),
('15881', '439064864', 'Harry Potter and the Chamber of Secrets (Harry Potter, #2)', 'Harry Potter and the Chamber of Secrets', 'J.K. Rowling, Mary GrandPré', 'https://images.gr-assets.com/books/1474169725m/15881.jpg', 'Lorem ipsum dolor sit amet, consectetur adipiscing elit, sed do eiusmod tempor incididunt ut labore et dolore magna aliqua. Ut enim ad minim veniam, quis nostrud exercitation ullamco laboris nisi ut aliquip ex ea commodo consequat. Duis aute irure dolor in reprehenderit in voluptate velit esse cillum dolore eu fugiat nulla pariatur. Excepteur sint occaecat cupidatat non proident, sunt in culpa qui officia deserunt mollit anim id est laborum.', '398.00', 5, ''),
('6', '439139600', 'Harry Potter and the Goblet of Fire (Harry Potter, #4)', 'Harry Potter and the Goblet of Fire', 'J.K. Rowling, Mary GrandPré', 'https://images.gr-assets.com/books/1361482611m/6.jpg', 'Lorem ipsum dolor sit amet, consectetur adipiscing elit, sed do eiusmod tempor incididunt ut labore et dolore magna aliqua. Ut enim ad minim veniam, quis nostrud exercitation ullamco laboris nisi ut aliquip ex ea commodo consequat. Duis aute irure dolor in reprehenderit in voluptate velit esse cillum dolore eu fugiat nulla pariatur. Excepteur sint occaecat cupidatat non proident, sunt in culpa qui officia deserunt mollit anim id est laborum.', '332.00', 4, 'romance'),
('38709', '439244196', 'Holes (Holes, #1)', 'Holes', 'Louis Sachar, Louis Sachar', 'https://images.gr-assets.com/books/1327781893m/38709.jpg', 'Lorem ipsum dolor sit amet, consectetur adipiscing elit, sed do eiusmod tempor incididunt ut labore et dolore magna aliqua. Ut enim ad minim veniam, quis nostrud exercitation ullamco laboris nisi ut aliquip ex ea commodo consequat. Duis aute irure dolor in reprehenderit in voluptate velit esse cillum dolore eu fugiat nulla pariatur. Excepteur sint occaecat cupidatat non proident, sunt in culpa qui officia deserunt mollit anim id est laborum.', '138.00', 4, ''),
('2', '439358078', 'Harry Potter and the Order of the Phoenix (Harry Potter, #5)', 'Harry Potter and the Order of the Phoenix', 'J.K. Rowling, Mary GrandPré', 'https://images.gr-assets.com/books/1387141547m/2.jpg', 'Lorem ipsum dolor sit amet, consectetur adipiscing elit, sed do eiusmod tempor incididunt ut labore et dolore magna aliqua. Ut enim ad minim veniam, quis nostrud exercitation ullamco laboris nisi ut aliquip ex ea commodo consequat. Duis aute irure dolor in reprehenderit in voluptate velit esse cillum dolore eu fugiat nulla pariatur. Excepteur sint occaecat cupidatat non proident, sunt in culpa qui officia deserunt mollit anim id est laborum.', '307.00', 5, 'romance'),
('3', '439554934', 'Harry Potter and the Sorcerer\'s Stone (Harry Potter, #1)', 'Harry Potter and the Philosopher\'s Stone', 'J.K. Rowling, Mary GrandPré', 'https://images.gr-assets.com/books/1474154022m/3.jpg', 'Lorem ipsum dolor sit amet, consectetur adipiscing elit, sed do eiusmod tempor incididunt ut labore et dolore magna aliqua. Ut enim ad minim veniam, quis nostrud exercitation ullamco laboris nisi ut aliquip ex ea commodo consequat. Duis aute irure dolor in reprehenderit in voluptate velit esse cillum dolore eu fugiat nulla pariatur. Excepteur sint occaecat cupidatat non proident, sunt in culpa qui officia deserunt mollit anim id est laborum.', '491.00', 6, 'romance'),
('1', '439785960', 'Harry Potter and the Half-Blood Prince (Harry Potter, #6)', 'Harry Potter and the Half-Blood Prince', 'J.K. Rowling, Mary GrandPré', 'https://images.gr-assets.com/books/1361039191m/1.jpg', 'Lorem ipsum dolor sit amet, consectetur adipiscing elit, sed do eiusmod tempor incididunt ut labore et dolore magna aliqua. Ut enim ad minim veniam, quis nostrud exercitation ullamco laboris nisi ut aliquip ex ea commodo consequat. Duis aute irure dolor in reprehenderit in voluptate velit esse cillum dolore eu fugiat nulla pariatur. Excepteur sint occaecat cupidatat non proident, sunt in culpa qui officia deserunt mollit anim id est laborum.', '275.00', 0, 'thriller'),
('9416', '440241413', 'Confessions of a Shopaholic (Shopaholic, #1)', 'Confessions of a Shopaholic', 'Sophie Kinsella', 'https://images.gr-assets.com/books/1327872404m/9416.jpg', 'Lorem ipsum dolor sit amet, consectetur adipiscing elit, sed do eiusmod tempor incididunt ut labore et dolore magna aliqua. Ut enim ad minim veniam, quis nostrud exercitation ullamco laboris nisi ut aliquip ex ea commodo consequat. Duis aute irure dolor in reprehenderit in voluptate velit esse cillum dolore eu fugiat nulla pariatur. Excepteur sint occaecat cupidatat non proident, sunt in culpa qui officia deserunt mollit anim id est laborum.', '144.00', 5, 'detective'),
('10964', '440242940', 'Outlander (Outlander, #1)', 'Outlander', 'Diana Gabaldon', 'https://images.gr-assets.com/books/1402600310m/10964.jpg', 'Lorem ipsum dolor sit amet, consectetur adipiscing elit, sed do eiusmod tempor incididunt ut labore et dolore magna aliqua. Ut enim ad minim veniam, quis nostrud exercitation ullamco laboris nisi ut aliquip ex ea commodo consequat. Duis aute irure dolor in reprehenderit in voluptate velit esse cillum dolore eu fugiat nulla pariatur. Excepteur sint occaecat cupidatat non proident, sunt in culpa qui officia deserunt mollit anim id est laborum.', '189.00', 6, 'fantasy'),
('18131', '440498058', 'A Wrinkle in Time (A Wrinkle in Time Quintet, #1)', 'A Wrinkle in Time', 'Madeleine L\'Engle', 'https://images.gr-assets.com/books/1329061522m/18131.jpg', 'Lorem ipsum dolor sit amet, consectetur adipiscing elit, sed do eiusmod tempor incididunt ut labore et dolore magna aliqua. Ut enim ad minim veniam, quis nostrud exercitation ullamco laboris nisi ut aliquip ex ea commodo consequat. Duis aute irure dolor in reprehenderit in voluptate velit esse cillum dolore eu fugiat nulla pariatur. Excepteur sint occaecat cupidatat non proident, sunt in culpa qui officia deserunt mollit anim id est laborum.', '165.00', 1, 'fantasy'),
('301082', '441008534', 'Dead Until Dark (Sookie Stackhouse, #1)', 'Dead Until Dark', 'Charlaine Harris', 'https://images.gr-assets.com/books/1468560853m/301082.jpg', 'Lorem ipsum dolor sit amet, consectetur adipiscing elit, sed do eiusmod tempor incididunt ut labore et dolore magna aliqua. Ut enim ad minim veniam, quis nostrud exercitation ullamco laboris nisi ut aliquip ex ea commodo consequat. Duis aute irure dolor in reprehenderit in voluptate velit esse cillum dolore eu fugiat nulla pariatur. Excepteur sint occaecat cupidatat non proident, sunt in culpa qui officia deserunt mollit anim id est laborum.', '109.00', 0, 'fantasy'),
('5526', '446528056', 'Dear John', 'Dear John', 'Nicholas Sparks', 'https://images.gr-assets.com/books/1397749854m/5526.jpg', 'Lorem ipsum dolor sit amet, consectetur adipiscing elit, sed do eiusmod tempor incididunt ut labore et dolore magna aliqua. Ut enim ad minim veniam, quis nostrud exercitation ullamco laboris nisi ut aliquip ex ea commodo consequat. Duis aute irure dolor in reprehenderit in voluptate velit esse cillum dolore eu fugiat nulla pariatur. Excepteur sint occaecat cupidatat non proident, sunt in culpa qui officia deserunt mollit anim id est laborum.', '111.00', 6, 'romance'),
('6400090', '446547565', 'The Last Song', 'The Last Song', 'Nicholas Sparks', 'https://images.gr-assets.com/books/1286549186m/6400090.jpg', 'Lorem ipsum dolor sit amet, consectetur adipiscing elit, sed do eiusmod tempor incididunt ut labore et dolore magna aliqua. Ut enim ad minim veniam, quis nostrud exercitation ullamco laboris nisi ut aliquip ex ea commodo consequat. Duis aute irure dolor in reprehenderit in voluptate velit esse cillum dolore eu fugiat nulla pariatur. Excepteur sint occaecat cupidatat non proident, sunt in culpa qui officia deserunt mollit anim id est laborum.', '95.00', 4, 'thriller'),
('18405', '446675539', 'Gone with the Wind', 'Gone with the Wind', 'Margaret Mitchell', 'https://images.gr-assets.com/books/1328025229m/18405.jpg', 'Lorem ipsum dolor sit amet, consectetur adipiscing elit, sed do eiusmod tempor incididunt ut labore et dolore magna aliqua. Ut enim ad minim veniam, quis nostrud exercitation ullamco laboris nisi ut aliquip ex ea commodo consequat. Duis aute irure dolor in reprehenderit in voluptate velit esse cillum dolore eu fugiat nulla pariatur. Excepteur sint occaecat cupidatat non proident, sunt in culpa qui officia deserunt mollit anim id est laborum.', '409.00', 23, 'romance'),
('3473', '446693804', 'A Walk to Remember', 'A Walk to Remember', 'Nicholas Sparks', 'https://images.gr-assets.com/books/1385738968m/3473.jpg', 'Lorem ipsum dolor sit amet, consectetur adipiscing elit, sed do eiusmod tempor incididunt ut labore et dolore magna aliqua. Ut enim ad minim veniam, quis nostrud exercitation ullamco laboris nisi ut aliquip ex ea commodo consequat. Duis aute irure dolor in reprehenderit in voluptate velit esse cillum dolore eu fugiat nulla pariatur. Excepteur sint occaecat cupidatat non proident, sunt in culpa qui officia deserunt mollit anim id est laborum.', '131.00', 6, 'romance'),
('11588', '450040186', 'The Shining (The Shining #1)', 'The Shining', 'Stephen King', 'https://images.gr-assets.com/books/1353277730m/11588.jpg', 'Lorem ipsum dolor sit amet, consectetur adipiscing elit, sed do eiusmod tempor incididunt ut labore et dolore magna aliqua. Ut enim ad minim veniam, quis nostrud exercitation ullamco laboris nisi ut aliquip ex ea commodo consequat. Duis aute irure dolor in reprehenderit in voluptate velit esse cillum dolore eu fugiat nulla pariatur. Excepteur sint occaecat cupidatat non proident, sunt in culpa qui officia deserunt mollit anim id est laborum.', '289.00', 6, 'detective'),
('332613', '451163966', 'One Flew Over the Cuckoo\'s Nest', 'One Flew Over the Cuckoo\'s Nest', 'Ken Kesey', 'https://images.gr-assets.com/books/1485308778m/332613.jpg', 'Lorem ipsum dolor sit amet, consectetur adipiscing elit, sed do eiusmod tempor incididunt ut labore et dolore magna aliqua. Ut enim ad minim veniam, quis nostrud exercitation ullamco laboris nisi ut aliquip ex ea commodo consequat. Duis aute irure dolor in reprehenderit in voluptate velit esse cillum dolore eu fugiat nulla pariatur. Excepteur sint occaecat cupidatat non proident, sunt in culpa qui officia deserunt mollit anim id est laborum.', '275.00', 4, 'detective'),
('18342', '451169514', 'It', 'It', 'Stephen King', 'https://images.gr-assets.com/books/1309376909m/18342.jpg', 'Lorem ipsum dolor sit amet, consectetur adipiscing elit, sed do eiusmod tempor incididunt ut labore et dolore magna aliqua. Ut enim ad minim veniam, quis nostrud exercitation ullamco laboris nisi ut aliquip ex ea commodo consequat. Duis aute irure dolor in reprehenderit in voluptate velit esse cillum dolore eu fugiat nulla pariatur. Excepteur sint occaecat cupidatat non proident, sunt in culpa qui officia deserunt mollit anim id est laborum.', '7.00', 0, 'thriller'),
('5043', '451207149', 'The Pillars of the Earth (The Kingsbridge Series, #1)', 'The Pillars of the Earth', 'Ken Follett', 'https://s.gr-assets.com/assets/nophoto/book/111x148-bcc042a9c91a29c1d680899eff700a03.png', 'Lorem ipsum dolor sit amet, consectetur adipiscing elit, sed do eiusmod tempor incididunt ut labore et dolore magna aliqua. Ut enim ad minim veniam, quis nostrud exercitation ullamco laboris nisi ut aliquip ex ea commodo consequat. Duis aute irure dolor in reprehenderit in voluptate velit esse cillum dolore eu fugiat nulla pariatur. Excepteur sint occaecat cupidatat non proident, sunt in culpa qui officia deserunt mollit anim id est laborum.', '255.00', 5, ''),
('5470', '451524934', '1984', 'Nineteen Eighty-Four', 'George Orwell, Erich Fromm, Celâl ??ster', 'https://images.gr-assets.com/books/1348990566m/5470.jpg', 'Lorem ipsum dolor sit amet, consectetur adipiscing elit, sed do eiusmod tempor incididunt ut labore et dolore magna aliqua. Ut enim ad minim veniam, quis nostrud exercitation ullamco laboris nisi ut aliquip ex ea commodo consequat. Duis aute irure dolor in reprehenderit in voluptate velit esse cillum dolore eu fugiat nulla pariatur. Excepteur sint occaecat cupidatat non proident, sunt in culpa qui officia deserunt mollit anim id est laborum.', '995.00', 0, 'romance'),
('24280', '451525264', 'Les Misérables', 'Les Misérables', 'Victor Hugo, Lee Fahnestock, Norman MacAfee', 'https://images.gr-assets.com/books/1411852091m/24280.jpg', 'Lorem ipsum dolor sit amet, consectetur adipiscing elit, sed do eiusmod tempor incididunt ut labore et dolore magna aliqua. Ut enim ad minim veniam, quis nostrud exercitation ullamco laboris nisi ut aliquip ex ea commodo consequat. Duis aute irure dolor in reprehenderit in voluptate velit esse cillum dolore eu fugiat nulla pariatur. Excepteur sint occaecat cupidatat non proident, sunt in culpa qui officia deserunt mollit anim id est laborum.', '1319.00', 1, 'detective'),
('8127', '451528824', 'Anne of Green Gables (Anne of Green Gables, #1)', 'Anne of Green Gables', 'L.M. Montgomery', 'https://s.gr-assets.com/assets/nophoto/book/111x148-bcc042a9c91a29c1d680899eff700a03.png', 'Lorem ipsum dolor sit amet, consectetur adipiscing elit, sed do eiusmod tempor incididunt ut labore et dolore magna aliqua. Ut enim ad minim veniam, quis nostrud exercitation ullamco laboris nisi ut aliquip ex ea commodo consequat. Duis aute irure dolor in reprehenderit in voluptate velit esse cillum dolore eu fugiat nulla pariatur. Excepteur sint occaecat cupidatat non proident, sunt in culpa qui officia deserunt mollit anim id est laborum.', '1314.00', 23, 'detective'),
('1934', '451529308', 'Little Women (Little Women, #1)', 'Little Women', 'Louisa May Alcott', 'https://s.gr-assets.com/assets/nophoto/book/111x148-bcc042a9c91a29c1d680899eff700a03.png', 'Lorem ipsum dolor sit amet, consectetur adipiscing elit, sed do eiusmod tempor incididunt ut labore et dolore magna aliqua. Ut enim ad minim veniam, quis nostrud exercitation ullamco laboris nisi ut aliquip ex ea commodo consequat. Duis aute irure dolor in reprehenderit in voluptate velit esse cillum dolore eu fugiat nulla pariatur. Excepteur sint occaecat cupidatat non proident, sunt in culpa qui officia deserunt mollit anim id est laborum.', '1707.00', 4, ''),
('7613', '452284244', 'Animal Farm', 'Animal Farm: A Fairy Story', 'George Orwell', 'https://images.gr-assets.com/books/1424037542m/7613.jpg', 'Lorem ipsum dolor sit amet, consectetur adipiscing elit, sed do eiusmod tempor incididunt ut labore et dolore magna aliqua. Ut enim ad minim veniam, quis nostrud exercitation ullamco laboris nisi ut aliquip ex ea commodo consequat. Duis aute irure dolor in reprehenderit in voluptate velit esse cillum dolore eu fugiat nulla pariatur. Excepteur sint occaecat cupidatat non proident, sunt in culpa qui officia deserunt mollit anim id est laborum.', '896.00', 0, ''),
('2865', '452287022', 'Girl with a Pearl Earring', 'Girl with a Pearl Earring', 'Tracy Chevalier', 'https://images.gr-assets.com/books/1327197580m/2865.jpg', 'Lorem ipsum dolor sit amet, consectetur adipiscing elit, sed do eiusmod tempor incididunt ut labore et dolore magna aliqua. Ut enim ad minim veniam, quis nostrud exercitation ullamco laboris nisi ut aliquip ex ea commodo consequat. Duis aute irure dolor in reprehenderit in voluptate velit esse cillum dolore eu fugiat nulla pariatur. Excepteur sint occaecat cupidatat non proident, sunt in culpa qui officia deserunt mollit anim id est laborum.', '169.00', 6, 'mysterywestern'),
('2998', '517189607', 'The Secret Garden', 'The Secret Garden', 'Frances Hodgson Burnett', 'https://images.gr-assets.com/books/1327873635m/2998.jpg', 'Lorem ipsum dolor sit amet, consectetur adipiscing elit, sed do eiusmod tempor incididunt ut labore et dolore magna aliqua. Ut enim ad minim veniam, quis nostrud exercitation ullamco laboris nisi ut aliquip ex ea commodo consequat. Duis aute irure dolor in reprehenderit in voluptate velit esse cillum dolore eu fugiat nulla pariatur. Excepteur sint occaecat cupidatat non proident, sunt in culpa qui officia deserunt mollit anim id est laborum.', '1350.00', 5, 'romance'),
('1420', '521618746', 'Hamlet', 'The Tragicall Historie of Hamlet, Prince of Denmark', 'William Shakespeare, Richard Andrews, Rex Gibson', 'https://images.gr-assets.com/books/1351051208m/1420.jpg', 'Lorem ipsum dolor sit amet, consectetur adipiscing elit, sed do eiusmod tempor incididunt ut labore et dolore magna aliqua. Ut enim ad minim veniam, quis nostrud exercitation ullamco laboris nisi ut aliquip ex ea commodo consequat. Duis aute irure dolor in reprehenderit in voluptate velit esse cillum dolore eu fugiat nulla pariatur. Excepteur sint occaecat cupidatat non proident, sunt in culpa qui officia deserunt mollit anim id est laborum.', '1929.00', 5, ''),
('4374400', '525421033', 'If I Stay (If I Stay, #1)', 'If I Stay', 'Gayle Forman', 'https://images.gr-assets.com/books/1347462970m/4374400.jpg', 'Lorem ipsum dolor sit amet, consectetur adipiscing elit, sed do eiusmod tempor incididunt ut labore et dolore magna aliqua. Ut enim ad minim veniam, quis nostrud exercitation ullamco laboris nisi ut aliquip ex ea commodo consequat. Duis aute irure dolor in reprehenderit in voluptate velit esse cillum dolore eu fugiat nulla pariatur. Excepteur sint occaecat cupidatat non proident, sunt in culpa qui officia deserunt mollit anim id est laborum.', '130.00', 1, 'thriller'),
('7735333', '525423648', 'Matched (Matched, #1)', 'Matched', 'Ally Condie', 'https://images.gr-assets.com/books/1367706191m/7735333.jpg', 'Lorem ipsum dolor sit amet, consectetur adipiscing elit, sed do eiusmod tempor incididunt ut labore et dolore magna aliqua. Ut enim ad minim veniam, quis nostrud exercitation ullamco laboris nisi ut aliquip ex ea commodo consequat. Duis aute irure dolor in reprehenderit in voluptate velit esse cillum dolore eu fugiat nulla pariatur. Excepteur sint occaecat cupidatat non proident, sunt in culpa qui officia deserunt mollit anim id est laborum.', '84.00', 7, 'fantasy'),
('11870085', '525478817', 'The Fault in Our Stars', 'The Fault in Our Stars', 'John Green', 'https://images.gr-assets.com/books/1360206420m/11870085.jpg', 'Lorem ipsum dolor sit amet, consectetur adipiscing elit, sed do eiusmod tempor incididunt ut labore et dolore magna aliqua. Ut enim ad minim veniam, quis nostrud exercitation ullamco laboris nisi ut aliquip ex ea commodo consequat. Duis aute irure dolor in reprehenderit in voluptate velit esse cillum dolore eu fugiat nulla pariatur. Excepteur sint occaecat cupidatat non proident, sunt in culpa qui officia deserunt mollit anim id est laborum.', '226.00', 7, 'romance'),
('136251', '545010225', 'Harry Potter and the Deathly Hallows (Harry Potter, #7)', 'Harry Potter and the Deathly Hallows', 'J.K. Rowling, Mary GrandPré', 'https://images.gr-assets.com/books/1474171184m/136251.jpg', 'Lorem ipsum dolor sit amet, consectetur adipiscing elit, sed do eiusmod tempor incididunt ut labore et dolore magna aliqua. Ut enim ad minim veniam, quis nostrud exercitation ullamco laboris nisi ut aliquip ex ea commodo consequat. Duis aute irure dolor in reprehenderit in voluptate velit esse cillum dolore eu fugiat nulla pariatur. Excepteur sint occaecat cupidatat non proident, sunt in culpa qui officia deserunt mollit anim id est laborum.', '263.00', 6, 'mysterywestern'),
('11125', '552151696', 'Digital Fortress', 'Digital Fortress', 'Dan Brown', 'https://images.gr-assets.com/books/1360095966m/11125.jpg', 'Lorem ipsum dolor sit amet, consectetur adipiscing elit, sed do eiusmod tempor incididunt ut labore et dolore magna aliqua. Ut enim ad minim veniam, quis nostrud exercitation ullamco laboris nisi ut aliquip ex ea commodo consequat. Duis aute irure dolor in reprehenderit in voluptate velit esse cillum dolore eu fugiat nulla pariatur. Excepteur sint occaecat cupidatat non proident, sunt in culpa qui officia deserunt mollit anim id est laborum.', '185.00', 0, 'romance'),
('52036', '553208845', 'Siddhartha', 'Siddhartha', 'Hermann Hesse, Hilda Rosner', 'https://images.gr-assets.com/books/1428715580m/52036.jpg', 'Lorem ipsum dolor sit amet, consectetur adipiscing elit, sed do eiusmod tempor incididunt ut labore et dolore magna aliqua. Ut enim ad minim veniam, quis nostrud exercitation ullamco laboris nisi ut aliquip ex ea commodo consequat. Duis aute irure dolor in reprehenderit in voluptate velit esse cillum dolore eu fugiat nulla pariatur. Excepteur sint occaecat cupidatat non proident, sunt in culpa qui officia deserunt mollit anim id est laborum.', '972.00', 7, 'fantasy'),
('48855', '553296981', 'The Diary of a Young Girl', 'Het Achterhuis: Dagboekbrieven 14 juni 1942 - 1 augustus 194', 'Anne Frank, Eleanor Roosevelt, B.M. Mooyaart-Doubleday', 'https://images.gr-assets.com/books/1358276407m/48855.jpg', 'Lorem ipsum dolor sit amet, consectetur adipiscing elit, sed do eiusmod tempor incididunt ut labore et dolore magna aliqua. Ut enim ad minim veniam, quis nostrud exercitation ullamco laboris nisi ut aliquip ex ea commodo consequat. Duis aute irure dolor in reprehenderit in voluptate velit esse cillum dolore eu fugiat nulla pariatur. Excepteur sint occaecat cupidatat non proident, sunt in culpa qui officia deserunt mollit anim id est laborum.', '710.00', 23, 'romance'),
('10572', '553381695', 'A Clash of Kings  (A Song of Ice and Fire, #2)', 'A Clash of Kings', 'George R.R. Martin', 'https://images.gr-assets.com/books/1358254974m/10572.jpg', 'Lorem ipsum dolor sit amet, consectetur adipiscing elit, sed do eiusmod tempor incididunt ut labore et dolore magna aliqua. Ut enim ad minim veniam, quis nostrud exercitation ullamco laboris nisi ut aliquip ex ea commodo consequat. Duis aute irure dolor in reprehenderit in voluptate velit esse cillum dolore eu fugiat nulla pariatur. Excepteur sint occaecat cupidatat non proident, sunt in culpa qui officia deserunt mollit anim id est laborum.', '202.00', 6, 'romance'),
('13496', '553588486', 'A Game of Thrones (A Song of Ice and Fire, #1)', 'A Game of Thrones', 'George R.R. Martin', 'https://images.gr-assets.com/books/1436732693m/13496.jpg', 'Lorem ipsum dolor sit amet, consectetur adipiscing elit, sed do eiusmod tempor incididunt ut labore et dolore magna aliqua. Ut enim ad minim veniam, quis nostrud exercitation ullamco laboris nisi ut aliquip ex ea commodo consequat. Duis aute irure dolor in reprehenderit in voluptate velit esse cillum dolore eu fugiat nulla pariatur. Excepteur sint occaecat cupidatat non proident, sunt in culpa qui officia deserunt mollit anim id est laborum.', '101.00', 4, ''),
('15931', '553816713', 'The Notebook (The Notebook, #1)', 'The Notebook', 'Nicholas Sparks', 'https://images.gr-assets.com/books/1385738917m/15931.jpg', 'Lorem ipsum dolor sit amet, consectetur adipiscing elit, sed do eiusmod tempor incididunt ut labore et dolore magna aliqua. Ut enim ad minim veniam, quis nostrud exercitation ullamco laboris nisi ut aliquip ex ea commodo consequat. Duis aute irure dolor in reprehenderit in voluptate velit esse cillum dolore eu fugiat nulla pariatur. Excepteur sint occaecat cupidatat non proident, sunt in culpa qui officia deserunt mollit anim id est laborum.', '190.00', 23, 'mysterywestern'),
('5358', '582418275', 'The Firm (Penguin Readers, Level 5)', 'The Firm', 'John Grisham', 'https://images.gr-assets.com/books/1418465200m/5358.jpg', 'Lorem ipsum dolor sit amet, consectetur adipiscing elit, sed do eiusmod tempor incididunt ut labore et dolore magna aliqua. Ut enim ad minim veniam, quis nostrud exercitation ullamco laboris nisi ut aliquip ex ea commodo consequat. Duis aute irure dolor in reprehenderit in voluptate velit esse cillum dolore eu fugiat nulla pariatur. Excepteur sint occaecat cupidatat non proident, sunt in culpa qui officia deserunt mollit anim id est laborum.', '11.00', 6, 'detective'),
('370493', '60256656', 'The Giving Tree', 'The Giving Tree', 'Shel Silverstein', 'https://images.gr-assets.com/books/1174210942m/370493.jpg', 'Lorem ipsum dolor sit amet, consectetur adipiscing elit, sed do eiusmod tempor incididunt ut labore et dolore magna aliqua. Ut enim ad minim veniam, quis nostrud exercitation ullamco laboris nisi ut aliquip ex ea commodo consequat. Duis aute irure dolor in reprehenderit in voluptate velit esse cillum dolore eu fugiat nulla pariatur. Excepteur sint occaecat cupidatat non proident, sunt in culpa qui officia deserunt mollit anim id est laborum.', '81.00', 7, ''),
('30119', '60513039', 'Where the Sidewalk Ends', 'Where the Sidewalk Ends: The Poems and Drawings of Shel Silv', 'Shel Silverstein', 'https://images.gr-assets.com/books/1168052448m/30119.jpg', 'Lorem ipsum dolor sit amet, consectetur adipiscing elit, sed do eiusmod tempor incididunt ut labore et dolore magna aliqua. Ut enim ad minim veniam, quis nostrud exercitation ullamco laboris nisi ut aliquip ex ea commodo consequat. Duis aute irure dolor in reprehenderit in voluptate velit esse cillum dolore eu fugiat nulla pariatur. Excepteur sint occaecat cupidatat non proident, sunt in culpa qui officia deserunt mollit anim id est laborum.', '45.00', 23, 'romance'),
('320', '60531045', 'One Hundred Years of Solitude', 'Cien años de soledad', 'Gabriel García Márquez, Gregory Rabassa', 'https://images.gr-assets.com/books/1327881361m/320.jpg', 'Lorem ipsum dolor sit amet, consectetur adipiscing elit, sed do eiusmod tempor incididunt ut labore et dolore magna aliqua. Ut enim ad minim veniam, quis nostrud exercitation ullamco laboris nisi ut aliquip ex ea commodo consequat. Duis aute irure dolor in reprehenderit in voluptate velit esse cillum dolore eu fugiat nulla pariatur. Excepteur sint occaecat cupidatat non proident, sunt in culpa qui officia deserunt mollit anim id est laborum.', '555.00', 5, 'mysterywestern'),
('100915', '60764899', 'The Lion, the Witch, and the Wardrobe (Chronicles of Narnia,', 'The Lion, the Witch and the Wardrobe', 'C.S. Lewis', 'https://images.gr-assets.com/books/1353029077m/100915.jpg', 'Lorem ipsum dolor sit amet, consectetur adipiscing elit, sed do eiusmod tempor incididunt ut labore et dolore magna aliqua. Ut enim ad minim veniam, quis nostrud exercitation ullamco laboris nisi ut aliquip ex ea commodo consequat. Duis aute irure dolor in reprehenderit in voluptate velit esse cillum dolore eu fugiat nulla pariatur. Excepteur sint occaecat cupidatat non proident, sunt in culpa qui officia deserunt mollit anim id est laborum.', '474.00', 6, 'fantasy'),
('7244', '60786507', 'The Poisonwood Bible', 'The Poisonwood Bible', 'Barbara Kingsolver', 'https://images.gr-assets.com/books/1412242487m/7244.jpg', 'Lorem ipsum dolor sit amet, consectetur adipiscing elit, sed do eiusmod tempor incididunt ut labore et dolore magna aliqua. Ut enim ad minim veniam, quis nostrud exercitation ullamco laboris nisi ut aliquip ex ea commodo consequat. Duis aute irure dolor in reprehenderit in voluptate velit esse cillum dolore eu fugiat nulla pariatur. Excepteur sint occaecat cupidatat non proident, sunt in culpa qui officia deserunt mollit anim id est laborum.', '39.00', 6, 'romance'),
('5129', '60929871', 'Brave New World', 'Brave New World', 'Aldous Huxley', 'https://images.gr-assets.com/books/1487389574m/5129.jpg', 'Lorem ipsum dolor sit amet, consectetur adipiscing elit, sed do eiusmod tempor incididunt ut labore et dolore magna aliqua. Ut enim ad minim veniam, quis nostrud exercitation ullamco laboris nisi ut aliquip ex ea commodo consequat. Duis aute irure dolor in reprehenderit in voluptate velit esse cillum dolore eu fugiat nulla pariatur. Excepteur sint occaecat cupidatat non proident, sunt in culpa qui officia deserunt mollit anim id est laborum.', '515.00', 6, 'thriller'),
('37442', '60987103', 'Wicked: The Life and Times of the Wicked Witch of the West (', 'Wicked: The Life and Times of the Wicked Witch of the West', 'Gregory Maguire, Douglas Smith', 'https://images.gr-assets.com/books/1437733293m/37442.jpg', 'Lorem ipsum dolor sit amet, consectetur adipiscing elit, sed do eiusmod tempor incididunt ut labore et dolore magna aliqua. Ut enim ad minim veniam, quis nostrud exercitation ullamco laboris nisi ut aliquip ex ea commodo consequat. Duis aute irure dolor in reprehenderit in voluptate velit esse cillum dolore eu fugiat nulla pariatur. Excepteur sint occaecat cupidatat non proident, sunt in culpa qui officia deserunt mollit anim id est laborum.', '80.00', 23, 'romance'),
('2657', '61120081', 'To Kill a Mockingbird', 'To Kill a Mockingbird', 'Harper Lee', 'https://images.gr-assets.com/books/1361975680m/2657.jpg', 'Lorem ipsum dolor sit amet, consectetur adipiscing elit, sed do eiusmod tempor incididunt ut labore et dolore magna aliqua. Ut enim ad minim veniam, quis nostrud exercitation ullamco laboris nisi ut aliquip ex ea commodo consequat. Duis aute irure dolor in reprehenderit in voluptate velit esse cillum dolore eu fugiat nulla pariatur. Excepteur sint occaecat cupidatat non proident, sunt in culpa qui officia deserunt mollit anim id est laborum.', '487.00', 0, 'romance');
INSERT INTO `books` (`book_id`, `book_isbn`, `book_title`, `original_title`, `book_author`, `book_image`, `book_descr`, `book_price`, `publisherid`, `genre`) VALUES
('865', '61122416', 'The Alchemist', 'O Alquimista', 'Paulo Coelho, Alan R. Clarke', 'https://images.gr-assets.com/books/1483412266m/865.jpg', 'Lorem ipsum dolor sit amet, consectetur adipiscing elit, sed do eiusmod tempor incididunt ut labore et dolore magna aliqua. Ut enim ad minim veniam, quis nostrud exercitation ullamco laboris nisi ut aliquip ex ea commodo consequat. Duis aute irure dolor in reprehenderit in voluptate velit esse cillum dolore eu fugiat nulla pariatur. Excepteur sint occaecat cupidatat non proident, sunt in culpa qui officia deserunt mollit anim id est laborum.', '458.00', 4, 'romance'),
('6514', '61148512', 'The Bell Jar', 'The Bell Jar', 'Sylvia Plath', 'https://images.gr-assets.com/books/1473890514m/6514.jpg', 'Lorem ipsum dolor sit amet, consectetur adipiscing elit, sed do eiusmod tempor incididunt ut labore et dolore magna aliqua. Ut enim ad minim veniam, quis nostrud exercitation ullamco laboris nisi ut aliquip ex ea commodo consequat. Duis aute irure dolor in reprehenderit in voluptate velit esse cillum dolore eu fugiat nulla pariatur. Excepteur sint occaecat cupidatat non proident, sunt in culpa qui officia deserunt mollit anim id est laborum.', '246.00', 0, 'romance'),
('1202', '61234001', 'Freakonomics: A Rogue Economist Explores the Hidden Side of ', 'Freakonomics: A Rogue Economist Explores the Hidden Side of ', 'Steven D. Levitt, Stephen J. Dubner', 'https://images.gr-assets.com/books/1327909092m/1202.jpg', 'Lorem ipsum dolor sit amet, consectetur adipiscing elit, sed do eiusmod tempor incididunt ut labore et dolore magna aliqua. Ut enim ad minim veniam, quis nostrud exercitation ullamco laboris nisi ut aliquip ex ea commodo consequat. Duis aute irure dolor in reprehenderit in voluptate velit esse cillum dolore eu fugiat nulla pariatur. Excepteur sint occaecat cupidatat non proident, sunt in culpa qui officia deserunt mollit anim id est laborum.', '124.00', 7, ''),
('5907', '618260307', 'The Hobbit', 'The Hobbit or There and Back Again', 'J.R.R. Tolkien', 'https://images.gr-assets.com/books/1372847500m/5907.jpg', 'Lorem ipsum dolor sit amet, consectetur adipiscing elit, sed do eiusmod tempor incididunt ut labore et dolore magna aliqua. Ut enim ad minim veniam, quis nostrud exercitation ullamco laboris nisi ut aliquip ex ea commodo consequat. Duis aute irure dolor in reprehenderit in voluptate velit esse cillum dolore eu fugiat nulla pariatur. Excepteur sint occaecat cupidatat non proident, sunt in culpa qui officia deserunt mollit anim id est laborum.', '969.00', 7, 'romance'),
('34', '618346252', 'The Fellowship of the Ring (The Lord of the Rings, #1)', ' The Fellowship of the Ring', 'J.R.R. Tolkien', 'https://images.gr-assets.com/books/1298411339m/34.jpg', 'Lorem ipsum dolor sit amet, consectetur adipiscing elit, sed do eiusmod tempor incididunt ut labore et dolore magna aliqua. Ut enim ad minim veniam, quis nostrud exercitation ullamco laboris nisi ut aliquip ex ea commodo consequat. Duis aute irure dolor in reprehenderit in voluptate velit esse cillum dolore eu fugiat nulla pariatur. Excepteur sint occaecat cupidatat non proident, sunt in culpa qui officia deserunt mollit anim id est laborum.', '566.00', 7, 'thriller'),
('15241', '618346260', 'The Two Towers (The Lord of the Rings, #2)', 'The Two Towers', 'J.R.R. Tolkien', 'https://images.gr-assets.com/books/1298415523m/15241.jpg', 'Lorem ipsum dolor sit amet, consectetur adipiscing elit, sed do eiusmod tempor incididunt ut labore et dolore magna aliqua. Ut enim ad minim veniam, quis nostrud exercitation ullamco laboris nisi ut aliquip ex ea commodo consequat. Duis aute irure dolor in reprehenderit in voluptate velit esse cillum dolore eu fugiat nulla pariatur. Excepteur sint occaecat cupidatat non proident, sunt in culpa qui officia deserunt mollit anim id est laborum.', '453.00', 5, 'romance'),
('33', '618640150', 'The Lord of the Rings (The Lord of the Rings, #1-3)', 'The Lord of the Rings', 'J.R.R. Tolkien', 'https://images.gr-assets.com/books/1411114164m/33.jpg', 'Lorem ipsum dolor sit amet, consectetur adipiscing elit, sed do eiusmod tempor incididunt ut labore et dolore magna aliqua. Ut enim ad minim veniam, quis nostrud exercitation ullamco laboris nisi ut aliquip ex ea commodo consequat. Duis aute irure dolor in reprehenderit in voluptate velit esse cillum dolore eu fugiat nulla pariatur. Excepteur sint occaecat cupidatat non proident, sunt in culpa qui officia deserunt mollit anim id est laborum.', '380.00', 23, 'romance'),
('13335037', '62024035', 'Divergent (Divergent, #1)', 'Divergent', 'Veronica Roth', 'https://images.gr-assets.com/books/1328559506m/13335037.jpg', 'Lorem ipsum dolor sit amet, consectetur adipiscing elit, sed do eiusmod tempor incididunt ut labore et dolore magna aliqua. Ut enim ad minim veniam, quis nostrud exercitation ullamco laboris nisi ut aliquip ex ea commodo consequat. Duis aute irure dolor in reprehenderit in voluptate velit esse cillum dolore eu fugiat nulla pariatur. Excepteur sint occaecat cupidatat non proident, sunt in culpa qui officia deserunt mollit anim id est laborum.', '210.00', 5, 'mysterywestern'),
('24178', '64410935', 'Charlotte\'s Web', 'Charlotte\'s Web', 'E.B. White, Garth Williams, Rosemary Wells', 'https://images.gr-assets.com/books/1439632243m/24178.jpg', 'Lorem ipsum dolor sit amet, consectetur adipiscing elit, sed do eiusmod tempor incididunt ut labore et dolore magna aliqua. Ut enim ad minim veniam, quis nostrud exercitation ullamco laboris nisi ut aliquip ex ea commodo consequat. Duis aute irure dolor in reprehenderit in voluptate velit esse cillum dolore eu fugiat nulla pariatur. Excepteur sint occaecat cupidatat non proident, sunt in culpa qui officia deserunt mollit anim id est laborum.', '180.00', 0, ''),
('15507958', '670026603', 'Me Before You (Me Before You, #1)', 'Me Before You', 'Jojo Moyes', 'https://images.gr-assets.com/books/1357108762m/15507958.jpg', 'Lorem ipsum dolor sit amet, consectetur adipiscing elit, sed do eiusmod tempor incididunt ut labore et dolore magna aliqua. Ut enim ad minim veniam, quis nostrud exercitation ullamco laboris nisi ut aliquip ex ea commodo consequat. Duis aute irure dolor in reprehenderit in voluptate velit esse cillum dolore eu fugiat nulla pariatur. Excepteur sint occaecat cupidatat non proident, sunt in culpa qui officia deserunt mollit anim id est laborum.', '168.00', 23, ''),
('22628', '671027344', 'The Perks of Being a Wallflower', 'The Perks of Being a Wallflower', 'Stephen Chbosky', 'https://images.gr-assets.com/books/1167352178m/22628.jpg', 'Lorem ipsum dolor sit amet, consectetur adipiscing elit, sed do eiusmod tempor incididunt ut labore et dolore magna aliqua. Ut enim ad minim veniam, quis nostrud exercitation ullamco laboris nisi ut aliquip ex ea commodo consequat. Duis aute irure dolor in reprehenderit in voluptate velit esse cillum dolore eu fugiat nulla pariatur. Excepteur sint occaecat cupidatat non proident, sunt in culpa qui officia deserunt mollit anim id est laborum.', '128.00', 1, 'romance'),
('976', '671027387', 'Deception Point', 'Deception Point', 'Dan Brown', 'https://s.gr-assets.com/assets/nophoto/book/111x148-bcc042a9c91a29c1d680899eff700a03.png', 'Lorem ipsum dolor sit amet, consectetur adipiscing elit, sed do eiusmod tempor incididunt ut labore et dolore magna aliqua. Ut enim ad minim veniam, quis nostrud exercitation ullamco laboris nisi ut aliquip ex ea commodo consequat. Duis aute irure dolor in reprehenderit in voluptate velit esse cillum dolore eu fugiat nulla pariatur. Excepteur sint occaecat cupidatat non proident, sunt in culpa qui officia deserunt mollit anim id est laborum.', '180.00', 1, 'romance'),
('11486', '671727796', 'The Color Purple', 'The Color Purple', 'Alice Walker', 'https://s.gr-assets.com/assets/nophoto/book/111x148-bcc042a9c91a29c1d680899eff700a03.png', 'Lorem ipsum dolor sit amet, consectetur adipiscing elit, sed do eiusmod tempor incididunt ut labore et dolore magna aliqua. Ut enim ad minim veniam, quis nostrud exercitation ullamco laboris nisi ut aliquip ex ea commodo consequat. Duis aute irure dolor in reprehenderit in voluptate velit esse cillum dolore eu fugiat nulla pariatur. Excepteur sint occaecat cupidatat non proident, sunt in culpa qui officia deserunt mollit anim id est laborum.', '155.00', 7, ''),
('168642', '679745580', 'In Cold Blood', 'In Cold Blood', 'Truman Capote', 'https://images.gr-assets.com/books/1424931136m/168642.jpg', 'Lorem ipsum dolor sit amet, consectetur adipiscing elit, sed do eiusmod tempor incididunt ut labore et dolore magna aliqua. Ut enim ad minim veniam, quis nostrud exercitation ullamco laboris nisi ut aliquip ex ea commodo consequat. Duis aute irure dolor in reprehenderit in voluptate velit esse cillum dolore eu fugiat nulla pariatur. Excepteur sint occaecat cupidatat non proident, sunt in culpa qui officia deserunt mollit anim id est laborum.', '223.00', 1, ''),
('1885', '679783261', 'Pride and Prejudice', 'Pride and Prejudice', 'Jane Austen', 'https://images.gr-assets.com/books/1320399351m/1885.jpg', 'Lorem ipsum dolor sit amet, consectetur adipiscing elit, sed do eiusmod tempor incididunt ut labore et dolore magna aliqua. Ut enim ad minim veniam, quis nostrud exercitation ullamco laboris nisi ut aliquip ex ea commodo consequat. Duis aute irure dolor in reprehenderit in voluptate velit esse cillum dolore eu fugiat nulla pariatur. Excepteur sint occaecat cupidatat non proident, sunt in culpa qui officia deserunt mollit anim id est laborum.', '3455.00', 6, 'romance'),
('119322', '679879242', 'The Golden Compass (His Dark Materials, #1)', 'Northern Lights', 'Philip Pullman', 'https://images.gr-assets.com/books/1451271747m/119322.jpg', 'Lorem ipsum dolor sit amet, consectetur adipiscing elit, sed do eiusmod tempor incididunt ut labore et dolore magna aliqua. Ut enim ad minim veniam, quis nostrud exercitation ullamco laboris nisi ut aliquip ex ea commodo consequat. Duis aute irure dolor in reprehenderit in voluptate velit esse cillum dolore eu fugiat nulla pariatur. Excepteur sint occaecat cupidatat non proident, sunt in culpa qui officia deserunt mollit anim id est laborum.', '287.00', 1, 'mysterywestern'),
('2165', '684830493', 'The Old Man and the Sea', 'The Old Man and the Sea', 'Ernest Hemingway', 'https://images.gr-assets.com/books/1329189714m/2165.jpg', 'Lorem ipsum dolor sit amet, consectetur adipiscing elit, sed do eiusmod tempor incididunt ut labore et dolore magna aliqua. Ut enim ad minim veniam, quis nostrud exercitation ullamco laboris nisi ut aliquip ex ea commodo consequat. Duis aute irure dolor in reprehenderit in voluptate velit esse cillum dolore eu fugiat nulla pariatur. Excepteur sint occaecat cupidatat non proident, sunt in culpa qui officia deserunt mollit anim id est laborum.', '666.00', 6, 'mysterywestern'),
('168668', '684833395', 'Catch-22', 'Catch-22', 'Joseph Heller', 'https://images.gr-assets.com/books/1463157317m/168668.jpg', 'Lorem ipsum dolor sit amet, consectetur adipiscing elit, sed do eiusmod tempor incididunt ut labore et dolore magna aliqua. Ut enim ad minim veniam, quis nostrud exercitation ullamco laboris nisi ut aliquip ex ea commodo consequat. Duis aute irure dolor in reprehenderit in voluptate velit esse cillum dolore eu fugiat nulla pariatur. Excepteur sint occaecat cupidatat non proident, sunt in culpa qui officia deserunt mollit anim id est laborum.', '251.00', 0, 'romance'),
('24770', '689865384', 'Uglies (Uglies, #1)', 'Uglies', 'Scott Westerfeld', 'https://images.gr-assets.com/books/1443904172m/24770.jpg', 'Lorem ipsum dolor sit amet, consectetur adipiscing elit, sed do eiusmod tempor incididunt ut labore et dolore magna aliqua. Ut enim ad minim veniam, quis nostrud exercitation ullamco laboris nisi ut aliquip ex ea commodo consequat. Duis aute irure dolor in reprehenderit in voluptate velit esse cillum dolore eu fugiat nulla pariatur. Excepteur sint occaecat cupidatat non proident, sunt in culpa qui officia deserunt mollit anim id est laborum.', '98.00', 0, 'mysterywestern'),
('252577', '7205236', 'Angela\'s Ashes (Frank McCourt, #1)', 'Angela\'s Ashes: A Memoir', 'Frank McCourt', 'https://s.gr-assets.com/assets/nophoto/book/111x148-bcc042a9c91a29c1d680899eff700a03.png', 'Lorem ipsum dolor sit amet, consectetur adipiscing elit, sed do eiusmod tempor incididunt ut labore et dolore magna aliqua. Ut enim ad minim veniam, quis nostrud exercitation ullamco laboris nisi ut aliquip ex ea commodo consequat. Duis aute irure dolor in reprehenderit in voluptate velit esse cillum dolore eu fugiat nulla pariatur. Excepteur sint occaecat cupidatat non proident, sunt in culpa qui officia deserunt mollit anim id est laborum.', '184.00', 5, 'mysterywestern'),
('930', '739326228', 'Memoirs of a Geisha', 'Memoirs of a Geisha', 'Arthur Golden', 'https://s.gr-assets.com/assets/nophoto/book/111x148-bcc042a9c91a29c1d680899eff700a03.png', 'Lorem ipsum dolor sit amet, consectetur adipiscing elit, sed do eiusmod tempor incididunt ut labore et dolore magna aliqua. Ut enim ad minim veniam, quis nostrud exercitation ullamco laboris nisi ut aliquip ex ea commodo consequat. Duis aute irure dolor in reprehenderit in voluptate velit esse cillum dolore eu fugiat nulla pariatur. Excepteur sint occaecat cupidatat non proident, sunt in culpa qui officia deserunt mollit anim id est laborum.', '220.00', 7, 'mysterywestern'),
('4502507', '739380338', 'The Last Olympian (Percy Jackson and the Olympians, #5)', 'The Last Olympian', 'Rick Riordan', 'https://images.gr-assets.com/books/1327924597m/4502507.jpg', 'Lorem ipsum dolor sit amet, consectetur adipiscing elit, sed do eiusmod tempor incididunt ut labore et dolore magna aliqua. Ut enim ad minim veniam, quis nostrud exercitation ullamco laboris nisi ut aliquip ex ea commodo consequat. Duis aute irure dolor in reprehenderit in voluptate velit esse cillum dolore eu fugiat nulla pariatur. Excepteur sint occaecat cupidatat non proident, sunt in culpa qui officia deserunt mollit anim id est laborum.', '87.00', 6, 'thriller'),
('12691', '739461192', 'Marley and Me: Life and Love With the World\'s Worst Dog', 'Marley & Me: Life and Love with the World\'s Worst Dog', 'John Grogan', 'https://images.gr-assets.com/books/1308858322m/12691.jpg', 'Lorem ipsum dolor sit amet, consectetur adipiscing elit, sed do eiusmod tempor incididunt ut labore et dolore magna aliqua. Ut enim ad minim veniam, quis nostrud exercitation ullamco laboris nisi ut aliquip ex ea commodo consequat. Duis aute irure dolor in reprehenderit in voluptate velit esse cillum dolore eu fugiat nulla pariatur. Excepteur sint occaecat cupidatat non proident, sunt in culpa qui officia deserunt mollit anim id est laborum.', '119.00', 6, 'mysterywestern'),
('37470', '743227441', 'The Other Boleyn Girl (The Plantagenet and Tudor Novels, #9)', 'The Other Boleyn Girl', 'Philippa Gregory', 'https://images.gr-assets.com/books/1355932638m/37470.jpg', 'Lorem ipsum dolor sit amet, consectetur adipiscing elit, sed do eiusmod tempor incididunt ut labore et dolore magna aliqua. Ut enim ad minim veniam, quis nostrud exercitation ullamco laboris nisi ut aliquip ex ea commodo consequat. Duis aute irure dolor in reprehenderit in voluptate velit esse cillum dolore eu fugiat nulla pariatur. Excepteur sint occaecat cupidatat non proident, sunt in culpa qui officia deserunt mollit anim id est laborum.', '111.00', 23, 'mysterywestern'),
('4671', '743273567', 'The Great Gatsby', 'The Great Gatsby', 'F. Scott Fitzgerald', 'https://images.gr-assets.com/books/1490528560m/4671.jpg', 'Lorem ipsum dolor sit amet, consectetur adipiscing elit, sed do eiusmod tempor incididunt ut labore et dolore magna aliqua. Ut enim ad minim veniam, quis nostrud exercitation ullamco laboris nisi ut aliquip ex ea commodo consequat. Duis aute irure dolor in reprehenderit in voluptate velit esse cillum dolore eu fugiat nulla pariatur. Excepteur sint occaecat cupidatat non proident, sunt in culpa qui officia deserunt mollit anim id est laborum.', '1356.00', 5, 'romance'),
('10917', '743454537', 'My Sister\'s Keeper', 'My Sister\'s Keeper', 'Jodi Picoult', 'https://images.gr-assets.com/books/1369504683m/10917.jpg', 'Lorem ipsum dolor sit amet, consectetur adipiscing elit, sed do eiusmod tempor incididunt ut labore et dolore magna aliqua. Ut enim ad minim veniam, quis nostrud exercitation ullamco laboris nisi ut aliquip ex ea commodo consequat. Duis aute irure dolor in reprehenderit in voluptate velit esse cillum dolore eu fugiat nulla pariatur. Excepteur sint occaecat cupidatat non proident, sunt in culpa qui officia deserunt mollit anim id est laborum.', '125.00', 7, 'romance'),
('8852', '743477103', 'Macbeth', 'The Tragedy of Macbeth', 'William Shakespeare', 'https://images.gr-assets.com/books/1459795224m/8852.jpg', 'Lorem ipsum dolor sit amet, consectetur adipiscing elit, sed do eiusmod tempor incididunt ut labore et dolore magna aliqua. Ut enim ad minim veniam, quis nostrud exercitation ullamco laboris nisi ut aliquip ex ea commodo consequat. Duis aute irure dolor in reprehenderit in voluptate velit esse cillum dolore eu fugiat nulla pariatur. Excepteur sint occaecat cupidatat non proident, sunt in culpa qui officia deserunt mollit anim id est laborum.', '1732.00', 6, 'fantasy'),
('18135', '743477111', 'Romeo and Juliet', 'An Excellent conceited Tragedie of Romeo and Juliet', 'William Shakespeare, Robert           Jackson', 'https://images.gr-assets.com/books/1327872146m/18135.jpg', 'Lorem ipsum dolor sit amet, consectetur adipiscing elit, sed do eiusmod tempor incididunt ut labore et dolore magna aliqua. Ut enim ad minim veniam, quis nostrud exercitation ullamco laboris nisi ut aliquip ex ea commodo consequat. Duis aute irure dolor in reprehenderit in voluptate velit esse cillum dolore eu fugiat nulla pariatur. Excepteur sint occaecat cupidatat non proident, sunt in culpa qui officia deserunt mollit anim id est laborum.', '1937.00', 6, 'romance'),
('11735983', '7442912', 'Insurgent (Divergent, #2)', 'Insurgent', 'Veronica Roth', 'https://images.gr-assets.com/books/1325667729m/11735983.jpg', 'Lorem ipsum dolor sit amet, consectetur adipiscing elit, sed do eiusmod tempor incididunt ut labore et dolore magna aliqua. Ut enim ad minim veniam, quis nostrud exercitation ullamco laboris nisi ut aliquip ex ea commodo consequat. Duis aute irure dolor in reprehenderit in voluptate velit esse cillum dolore eu fugiat nulla pariatur. Excepteur sint occaecat cupidatat non proident, sunt in culpa qui officia deserunt mollit anim id est laborum.', '164.00', 23, 'fantasy'),
('4407', '747263744', 'American Gods (American Gods, #1)', 'American Gods', 'Neil Gaiman', 'https://images.gr-assets.com/books/1258417001m/4407.jpg', 'Lorem ipsum dolor sit amet, consectetur adipiscing elit, sed do eiusmod tempor incididunt ut labore et dolore magna aliqua. Ut enim ad minim veniam, quis nostrud exercitation ullamco laboris nisi ut aliquip ex ea commodo consequat. Duis aute irure dolor in reprehenderit in voluptate velit esse cillum dolore eu fugiat nulla pariatur. Excepteur sint occaecat cupidatat non proident, sunt in culpa qui officia deserunt mollit anim id est laborum.', '196.00', 0, 'fantasy'),
('6900', '751529818', 'Tuesdays with Morrie', 'Tuesdays with Morrie', 'Mitch Albom, Saulius Dagys', 'https://images.gr-assets.com/books/1423763749m/6900.jpg', 'Lorem ipsum dolor sit amet, consectetur adipiscing elit, sed do eiusmod tempor incididunt ut labore et dolore magna aliqua. Ut enim ad minim veniam, quis nostrud exercitation ullamco laboris nisi ut aliquip ex ea commodo consequat. Duis aute irure dolor in reprehenderit in voluptate velit esse cillum dolore eu fugiat nulla pariatur. Excepteur sint occaecat cupidatat non proident, sunt in culpa qui officia deserunt mollit anim id est laborum.', '172.00', 23, 'fantasy'),
('18710190', '7524277', 'Allegiant (Divergent, #3)', 'Allegiant', 'Veronica Roth', 'https://images.gr-assets.com/books/1395582745m/18710190.jpg', 'Lorem ipsum dolor sit amet, consectetur adipiscing elit, sed do eiusmod tempor incididunt ut labore et dolore magna aliqua. Ut enim ad minim veniam, quis nostrud exercitation ullamco laboris nisi ut aliquip ex ea commodo consequat. Duis aute irure dolor in reprehenderit in voluptate velit esse cillum dolore eu fugiat nulla pariatur. Excepteur sint occaecat cupidatat non proident, sunt in culpa qui officia deserunt mollit anim id est laborum.', '153.00', 5, 'thriller'),
('1000', '76768', 'wwqw', 'Title', 'qwd', 'New Location based services.png', 'Lorem ipsum dolor sit amet, consectetur adipiscing elit, sed do eiusmod tempor incididunt ut labore et dolore magna aliqua. Ut enim ad minim veniam, quis nostrud exercitation ullamco laboris nisi ut aliquip ex ea commodo consequat. Duis aute irure dolor in reprehenderit in voluptate velit esse cillum dolore eu fugiat nulla pariatur. Excepteur sint occaecat cupidatat non proident, sunt in culpa qui officia deserunt mollit anim id est laborum.', '12.00', 7, 'mysterywestern'),
('4214', '770430074', 'Life of Pi', 'Life of Pi', 'Yann Martel', 'https://images.gr-assets.com/books/1320562005m/4214.jpg', 'Lorem ipsum dolor sit amet, consectetur adipiscing elit, sed do eiusmod tempor incididunt ut labore et dolore magna aliqua. Ut enim ad minim veniam, quis nostrud exercitation ullamco laboris nisi ut aliquip ex ea commodo consequat. Duis aute irure dolor in reprehenderit in voluptate velit esse cillum dolore eu fugiat nulla pariatur. Excepteur sint occaecat cupidatat non proident, sunt in culpa qui officia deserunt mollit anim id est laborum.', '264.00', 23, 'thriller'),
('28187', '786838655', 'The Lightning Thief (Percy Jackson and the Olympians, #1)', 'The Lightning Thief', 'Rick Riordan', 'https://images.gr-assets.com/books/1400602609m/28187.jpg', 'Lorem ipsum dolor sit amet, consectetur adipiscing elit, sed do eiusmod tempor incididunt ut labore et dolore magna aliqua. Ut enim ad minim veniam, quis nostrud exercitation ullamco laboris nisi ut aliquip ex ea commodo consequat. Duis aute irure dolor in reprehenderit in voluptate velit esse cillum dolore eu fugiat nulla pariatur. Excepteur sint occaecat cupidatat non proident, sunt in culpa qui officia deserunt mollit anim id est laborum.', '159.00', 0, 'fantasy'),
('28186', '786856866', 'The Sea of Monsters (Percy Jackson and the Olympians, #2)', 'The Sea of Monsters', 'Rick Riordan', 'https://images.gr-assets.com/books/1400602661m/28186.jpg', 'Lorem ipsum dolor sit amet, consectetur adipiscing elit, sed do eiusmod tempor incididunt ut labore et dolore magna aliqua. Ut enim ad minim veniam, quis nostrud exercitation ullamco laboris nisi ut aliquip ex ea commodo consequat. Duis aute irure dolor in reprehenderit in voluptate velit esse cillum dolore eu fugiat nulla pariatur. Excepteur sint occaecat cupidatat non proident, sunt in culpa qui officia deserunt mollit anim id est laborum.', '121.00', 7, 'romance'),
('18007564', '804139024', 'The Martian', 'The Martian', 'Andy Weir', 'https://images.gr-assets.com/books/1413706054m/18007564.jpg', 'Lorem ipsum dolor sit amet, consectetur adipiscing elit, sed do eiusmod tempor incididunt ut labore et dolore magna aliqua. Ut enim ad minim veniam, quis nostrud exercitation ullamco laboris nisi ut aliquip ex ea commodo consequat. Duis aute irure dolor in reprehenderit in voluptate velit esse cillum dolore eu fugiat nulla pariatur. Excepteur sint occaecat cupidatat non proident, sunt in culpa qui officia deserunt mollit anim id est laborum.', '148.00', 5, ''),
('375802', '812550706', 'Ender\'s Game (Ender\'s Saga, #1)', 'Ender\'s Game', 'Orson Scott Card', 'https://images.gr-assets.com/books/1408303130m/375802.jpg', 'Lorem ipsum dolor sit amet, consectetur adipiscing elit, sed do eiusmod tempor incididunt ut labore et dolore magna aliqua. Ut enim ad minim veniam, quis nostrud exercitation ullamco laboris nisi ut aliquip ex ea commodo consequat. Duis aute irure dolor in reprehenderit in voluptate velit esse cillum dolore eu fugiat nulla pariatur. Excepteur sint occaecat cupidatat non proident, sunt in culpa qui officia deserunt mollit anim id est laborum.', '224.00', 0, ''),
('472331', '930289234', 'Watchmen', 'Watchmen', 'Alan Moore, Dave Gibbons, John Higgins', 'https://images.gr-assets.com/books/1442239711m/472331.jpg', 'Lorem ipsum dolor sit amet, consectetur adipiscing elit, sed do eiusmod tempor incididunt ut labore et dolore magna aliqua. Ut enim ad minim veniam, quis nostrud exercitation ullamco laboris nisi ut aliquip ex ea commodo consequat. Duis aute irure dolor in reprehenderit in voluptate velit esse cillum dolore eu fugiat nulla pariatur. Excepteur sint occaecat cupidatat non proident, sunt in culpa qui officia deserunt mollit anim id est laborum.', '90.00', 1, ''),
('1812457', '964729237', 'The Shack', 'The Shack: Where Tragedy Confronts Eternity', 'William Paul Young', 'https://images.gr-assets.com/books/1344270232m/1812457.jpg', 'Lorem ipsum dolor sit amet, consectetur adipiscing elit, sed do eiusmod tempor incididunt ut labore et dolore magna aliqua. Ut enim ad minim veniam, quis nostrud exercitation ullamco laboris nisi ut aliquip ex ea commodo consequat. Duis aute irure dolor in reprehenderit in voluptate velit esse cillum dolore eu fugiat nulla pariatur. Excepteur sint occaecat cupidatat non proident, sunt in culpa qui officia deserunt mollit anim id est laborum.', '134.00', 0, 'romance'),
('14050', '965818675', 'The Time Traveler\'s Wife', 'The Time Traveler\'s Wife', 'Audrey Niffenegger', 'https://images.gr-assets.com/books/1437728815m/14050.jpg', 'Lorem ipsum dolor sit amet, consectetur adipiscing elit, sed do eiusmod tempor incididunt ut labore et dolore magna aliqua. Ut enim ad minim veniam, quis nostrud exercitation ullamco laboris nisi ut aliquip ex ea commodo consequat. Duis aute irure dolor in reprehenderit in voluptate velit esse cillum dolore eu fugiat nulla pariatur. Excepteur sint occaecat cupidatat non proident, sunt in culpa qui officia deserunt mollit anim id est laborum.', '167.00', 1, 'romance'),
('19543', '99408392', 'Where the Wild Things Are', 'Where the Wild Things Are', 'Maurice Sendak', 'https://images.gr-assets.com/books/1384434560m/19543.jpg', 'Lorem ipsum dolor sit amet, consectetur adipiscing elit, sed do eiusmod tempor incididunt ut labore et dolore magna aliqua. Ut enim ad minim veniam, quis nostrud exercitation ullamco laboris nisi ut aliquip ex ea commodo consequat. Duis aute irure dolor in reprehenderit in voluptate velit esse cillum dolore eu fugiat nulla pariatur. Excepteur sint occaecat cupidatat non proident, sunt in culpa qui officia deserunt mollit anim id est laborum.', '110.00', 0, 'romance'),
('book_id', 'book_isbn', 'book_title', 'original_title', 'book_author', 'book_image', 'Lorem ipsum dolor sit amet, consectetur adipiscing elit, sed do eiusmod tempor incididunt ut labore et dolore magna aliqua. Ut enim ad minim veniam, quis nostrud exercitation ullamco laboris nisi ut aliquip ex ea commodo consequat. Duis aute irure dolor in reprehenderit in voluptate velit esse cillum dolore eu fugiat nulla pariatur. Excepteur sint occaecat cupidatat non proident, sunt in culpa qui officia deserunt mollit anim id est laborum.', '0.00', 23, 'thriller');

-- --------------------------------------------------------

--
-- Table structure for table `customers`
--

CREATE TABLE `customers` (
  `customerid` int(10) UNSIGNED NOT NULL,
  `name` varchar(60) COLLATE latin1_general_ci NOT NULL,
  `address` varchar(80) COLLATE latin1_general_ci NOT NULL,
  `city` varchar(30) COLLATE latin1_general_ci NOT NULL,
  `zip_code` varchar(10) COLLATE latin1_general_ci NOT NULL,
  `country` varchar(60) COLLATE latin1_general_ci NOT NULL
) ENGINE=InnoDB DEFAULT CHARSET=latin1 COLLATE=latin1_general_ci;

--
-- Dumping data for table `customers`
--

INSERT INTO `customers` (`customerid`, `name`, `address`, `city`, `zip_code`, `country`) VALUES
(1, 'a', 'a', 'a', 'a', 'a'),
(2, 'b', 'b', 'b', 'b', 'b'),
(3, 'test', '123 test', '12121', 'test', 'test'),
(4, 'name', 'amama', 'akjaskjns', 'nksanlkdna', 'lnaslnadslnl'),
(5, 'a', '22', '33', 'qqq', 'qq11'),
(6, 'sd', 'd', 'd', 'dd', 'd'),
(7, 'Kumar', 'kumad', 'sdsd', '233', 'Indkak'),
(8, 'mayank', 'mayank.ag32@gmail.com', 'Bangalore', '560060', 'Karnataka'),
(9, '', '', '', '', '');

-- --------------------------------------------------------

--
-- Table structure for table `orders`
--

CREATE TABLE `orders` (
  `orderid` int(10) UNSIGNED NOT NULL,
  `customerid` int(10) UNSIGNED NOT NULL,
  `amount` decimal(6,2) DEFAULT NULL,
  `date` timestamp NOT NULL DEFAULT CURRENT_TIMESTAMP,
  `ship_name` char(60) COLLATE latin1_general_ci NOT NULL,
  `ship_address` char(80) COLLATE latin1_general_ci NOT NULL,
  `ship_city` char(30) COLLATE latin1_general_ci NOT NULL,
  `ship_zip_code` char(10) COLLATE latin1_general_ci NOT NULL,
  `ship_country` char(20) COLLATE latin1_general_ci NOT NULL
) ENGINE=InnoDB DEFAULT CHARSET=latin1 COLLATE=latin1_general_ci;

--
-- Dumping data for table `orders`
--

INSERT INTO `orders` (`orderid`, `customerid`, `amount`, `date`, `ship_name`, `ship_address`, `ship_city`, `ship_zip_code`, `ship_country`) VALUES
(1, 1, '60.00', '2015-12-03 13:30:12', 'a', 'a', 'a', 'a', 'a'),
(2, 2, '60.00', '2015-12-03 13:31:12', 'b', 'b', 'b', 'b', 'b'),
(3, 3, '20.00', '2015-12-03 19:34:21', 'test', '123 test', '12121', 'test', 'test'),
(4, 1, '20.00', '2015-12-04 10:19:14', 'a', 'a', 'a', 'a', 'a'),
(5, 4, '20.00', '2019-03-22 04:39:56', 'name', 'amama', 'akjaskjns', 'nksanlkdna', 'lnaslnadslnl'),
(6, 5, '60.00', '2019-03-22 05:02:37', 'a', '22', '33', 'qqq', 'qq11'),
(7, 6, '90.00', '2019-03-25 08:27:13', 'sd', 'd', 'd', 'dd', 'd'),
(8, 7, '156.00', '2019-03-26 23:48:02', 'Kumar', 'kumad', 'sdsd', '233', 'Indkak'),
(9, 8, '268.00', '2019-03-28 11:53:44', 'mayank', 'mayank.ag32@gmail.com', 'Bangalore', '560060', 'Karnataka'),
(10, 9, '0.00', '2019-03-28 12:20:35', '', '', '', '', ''),
(11, 8, '193.00', '2019-03-28 13:30:10', 'mayank', 'mayank.ag32@gmail.com', 'Bangalore', '560060', 'Karnataka');

-- --------------------------------------------------------

--
-- Table structure for table `order_items`
--

CREATE TABLE `order_items` (
  `orderid` int(10) UNSIGNED NOT NULL,
  `book_isbn` varchar(20) COLLATE latin1_general_ci NOT NULL,
  `item_price` decimal(6,2) NOT NULL,
  `quantity` tinyint(3) UNSIGNED NOT NULL
) ENGINE=InnoDB DEFAULT CHARSET=latin1 COLLATE=latin1_general_ci;

--
-- Dumping data for table `order_items`
--

INSERT INTO `order_items` (`orderid`, `book_isbn`, `item_price`, `quantity`) VALUES
(1, '978-1-118-94924-5', '20.00', 1),
(1, '978-1-44937-019-0', '20.00', 1),
(1, '978-1-49192-706-9', '20.00', 1),
(2, '978-1-118-94924-5', '20.00', 1),
(2, '978-1-44937-019-0', '20.00', 1),
(2, '978-1-49192-706-9', '20.00', 1),
(3, '978-0-321-94786-4', '20.00', 1),
(1, '978-1-49192-706-9', '20.00', 1),
(5, '978-1-44937-019-0', '20.00', 1),
(6, '978-1-484217-26-9', '20.00', 1),
(6, '978-1-44937-019-0', '20.00', 1),
(6, '978-1-49192-706-9', '20.00', 1),
(7, '930289234', '90.00', 1),
(8, '014038572X', '156.00', 1),
(9, '006075995X', '75.00', 1),
(9, '014028009X', '193.00', 1),
(9, '014028009X', '193.00', 1);

-- --------------------------------------------------------

--
-- Table structure for table `publisher`
--

CREATE TABLE `publisher` (
  `publisherid` int(10) UNSIGNED NOT NULL,
  `publisher_name` varchar(60) COLLATE latin1_general_ci NOT NULL
) ENGINE=InnoDB DEFAULT CHARSET=latin1 COLLATE=latin1_general_ci;

--
-- Dumping data for table `publisher`
--

INSERT INTO `publisher` (`publisherid`, `publisher_name`) VALUES
(1, 'Wrox'),
(2, 'Wiley'),
(3, 'O\'Reilly Media'),
(4, 'Apress'),
(5, 'Packt Publishing'),
(6, 'Addison-Wesley');

-- --------------------------------------------------------

--
-- Table structure for table `users`
--

CREATE TABLE `users` (
  `id` int(11) NOT NULL,
  `username` varchar(100) NOT NULL,
  `email` varchar(100) NOT NULL,
  `password` varchar(100) NOT NULL,
  `address_1` varchar(32) DEFAULT NULL,
  `address_2` varchar(32) DEFAULT NULL,
  `city` varchar(32) DEFAULT NULL,
  `zip` int(32) DEFAULT NULL,
  `state` varchar(32) DEFAULT NULL
) ENGINE=InnoDB DEFAULT CHARSET=latin1;

--
-- Dumping data for table `users`
--

INSERT INTO `users` (`id`, `username`, `email`, `password`, `address_1`, `address_2`, `city`, `zip`, `state`) VALUES
(1, 'Mayank', 'mayank.ag32@gmail.com', '7815696ecbf1c96e6894b779456d330e', 'E 301 Mbr-Shangrila', 'Harsha Layout', 'Bangalore', 560060, 'Karnataka'),
(2, 'mayank', 'email@g.com', '308a3820e4cccbe043cb5228de5e71e3', NULL, NULL, NULL, NULL, NULL),
(3, 'kumar', 'muaja@a.com', '79cfac6387e0d582f83a29a04d0bcdc4', NULL, NULL, NULL, NULL, NULL),
(4, 'kumar1', 'skdskd@d.com', '912ec803b2ce49e4a541068d495ab570', NULL, NULL, NULL, NULL, NULL);

--
-- Indexes for dumped tables
--

--
-- Indexes for table `admin`
--
ALTER TABLE `admin`
  ADD PRIMARY KEY (`name`,`pass`);

--
-- Indexes for table `books`
--
ALTER TABLE `books`
  ADD PRIMARY KEY (`book_isbn`);

--
-- Indexes for table `customers`
--
ALTER TABLE `customers`
  ADD PRIMARY KEY (`customerid`);

--
-- Indexes for table `orders`
--
ALTER TABLE `orders`
  ADD PRIMARY KEY (`orderid`);

--
-- Indexes for table `publisher`
--
ALTER TABLE `publisher`
  ADD PRIMARY KEY (`publisherid`);

--
-- Indexes for table `users`
--
ALTER TABLE `users`
  ADD PRIMARY KEY (`id`);

--
-- AUTO_INCREMENT for dumped tables
--

--
-- AUTO_INCREMENT for table `customers`
--
ALTER TABLE `customers`
  MODIFY `customerid` int(10) UNSIGNED NOT NULL AUTO_INCREMENT, AUTO_INCREMENT=10;

--
-- AUTO_INCREMENT for table `orders`
--
ALTER TABLE `orders`
  MODIFY `orderid` int(10) UNSIGNED NOT NULL AUTO_INCREMENT, AUTO_INCREMENT=12;

--
-- AUTO_INCREMENT for table `publisher`
--
ALTER TABLE `publisher`
  MODIFY `publisherid` int(10) UNSIGNED NOT NULL AUTO_INCREMENT, AUTO_INCREMENT=7;

--
-- AUTO_INCREMENT for table `users`
--
ALTER TABLE `users`
  MODIFY `id` int(11) NOT NULL AUTO_INCREMENT, AUTO_INCREMENT=5;
COMMIT;

/*!40101 SET CHARACTER_SET_CLIENT=@OLD_CHARACTER_SET_CLIENT */;
/*!40101 SET CHARACTER_SET_RESULTS=@OLD_CHARACTER_SET_RESULTS */;
/*!40101 SET COLLATION_CONNECTION=@OLD_COLLATION_CONNECTION */;
